Election Night Reporting,,,,UNOFFICIAL RESULTS
2024-11-05 General,,,,Heading5
"November 5, 2024",,,,Hamilton
,,STATISTICS,,
,,Registered Voters - Total,Ballots Cast - Total,
,AIRPORT A,479,314,
,AIRPORT B,"1,400",0,
,ALTON PARK,"2,368",0,
,APISON A,"1,923",0,
,APISON B,0,316,
,AVONDALE,"1,563",0,
,BIRCHWOOD,"2,191",0,
,BONNY OAKS,"2,625",0,
,BRAINERD,"2,221",0,
,BRAINERD HILLS,"2,059",0,
,BUSHTOWN,"2,349",0,
,COLLEGEDALE A,"1,849",0,
,COLLEGEDALE B,"1,051",0,
,CONCORD A,"1,949",0,
,CONCORD B,"3,188",0,
,COURTHOUSE,"1,453",0,
,DALEWOOD,"2,640",0,
,DALLAS,"3,856",0,
,DOWNTOWN,"2,856",0,
,DUPONT,"3,175",0,
,EAST BRAINERD A,"3,378",0,
,EAST BRAINERD B,"4,684",0,
,EAST CHATTANOOGA,"2,083",0,
,EAST LAKE,"1,604",0,
,EAST RIDGE A,"3,459",0,
,EAST RIDGE B,"3,696",322,
,EAST RIDGE C,"1,656",0,
,EAST RIDGE D,"3,138",0,
,EASTGATE,"2,307",0,
,EASTSIDE,"2,924",0,
,FAIRMOUNT,"2,777",0,
,FALLING WATER A,506,0,
,STATISTICS,
,Registered Voters - Total,Ballots Cast - Total
FALLING WATER B,990,0
FLAT TOP MOUNTAIN,465,0
GANNS,"3,681",0
GLENWOOD,"2,109",0
HARRISON,"3,664",0
HARRISON BAY,"4,416",325
HIXSON,"2,263",0
HUNTER,"4,194",0
HURRICANE CREEK,"4,820",0
KINGSPOINT,"2,115",0
LAKE HILLS,"1,645",0
LAKESITE,"1,414",322
LOOKOUT MOUNTAIN,"1,644",0
LOOKOUT VALLEY,"4,397",0
LUPTON CITY,"2,756",0
MEADOWVIEW,"3,085",0
MIDDLE VALLEY,"2,199",0
MISSIONARY RIDGE,"1,632",0
MOUNTAIN CREEK A,"3,599",0
MOUNTAIN CREEK B,"1,592",0
MOUNTAIN CREEK C,209,0
MOWBRAY A,492,0
MOWBRAY B,712,0
MURRAY HILLS,"1,982",0
NORTH CHATTANOOGA A,"1,672",0
NORTH CHATTANOOGA B,"1,171",0
NORTHGATE,"2,794",0
NORTHSHORE,"3,273",0
NORTHWOODS,"3,710",0
OOLTEWAH,"5,038",0
OOLTEWAH GEORGETOWN,"2,310",0
OOLTEWAH RINGGOLD,"5,212",0
,STATISTICS,
,Registered Voters - Total,Ballots Cast - Total
PLEASANT GROVE A,"3,519",0
PLEASANT GROVE B,253,0
POSSUM CREEK,"3,327",322
RED BANK A,"3,316",0
RED BANK B,"2,604",311
RED BANK C,"1,948",0
RIDGEDALE,"2,385",0
RIDGESIDE,387,0
RIVERVIEW,"1,964",0
SALE CREEK,"2,385",0
SAVANNAH BAY,"3,161",0
SEQUOYAH,"2,714",0
SIGNAL MOUNTAIN A,"2,513",312
SIGNAL MOUNTAIN B,"4,513",0
SILVERDALE,"1,378",0
SODDY DAISY A,"3,308",0
SODDY DAISY B,"3,138",0
SODDY DAISY C,"1,630",0
ST ELMO,"2,755",0
STUART HEIGHTS,"3,278",0
SUMMIT,"3,286",0
TYNER,"2,321",0
VALLEYBROOK,"4,633",0
WALDEN,"1,726",324
WESTVIEW A,"1,628",0
WESTVIEW B,"3,118",0
WOLFTEVER,"4,856",0
WOODMORE,"1,882",0
COLLEGEDALE,0,0
EAST RIDGE,0,0
Totals,"228,588","2,868"
,US President,,,,,,,
,VOTE FOR 1,,,,,,,
,1 of 92 Precincts Reporting,,,,,,,
,REP Donald J. Trump,DEM Kamala Harris,Jay J Bowman,Claudia De la Cruz,Rachele Fruit,"Robert F Kennedy, Jr.",Jill Stein,Write-in Totals
AIRPORT A,11,22,32,42,53,66,77,11
AIRPORT B,0,0,0,0,0,0,0,0
ALTON PARK,0,0,0,0,0,0,0,0
APISON A,0,0,0,0,0,0,0,0
APISON B,11,22,33,43,55,65,76,11
AVONDALE,0,0,0,0,0,0,0,0
BIRCHWOOD,0,0,0,0,0,0,0,0
BONNY OAKS,0,0,0,0,0,0,0,0
BRAINERD,0,0,0,0,0,0,0,0
BRAINERD HILLS,0,0,0,0,0,0,0,0
BUSHTOWN,0,0,0,0,0,0,0,0
COLLEGEDALE A,0,0,0,0,0,0,0,0
COLLEGEDALE B,0,0,0,0,0,0,0,0
CONCORD A,0,0,0,0,0,0,0,0
CONCORD B,0,0,0,0,0,0,0,0
COURTHOUSE,0,0,0,0,0,0,0,0
DALEWOOD,0,0,0,0,0,0,0,0
DALLAS,0,0,0,0,0,0,0,0
DOWNTOWN,0,0,0,0,0,0,0,0
DUPONT,0,0,0,0,0,0,0,0
EAST BRAINERD A,0,0,0,0,0,0,0,0
EAST BRAINERD B,0,0,0,0,0,0,0,0
EAST CHATTANOOGA,0,0,0,0,0,0,0,0
EAST LAKE,0,0,0,0,0,0,0,0
EAST RIDGE A,0,0,0,0,0,0,0,0
EAST RIDGE B,12,22,33,46,55,66,77,11
EAST RIDGE C,0,0,0,0,0,0,0,0
EAST RIDGE D,0,0,0,0,0,0,0,0
EASTGATE,0,0,0,0,0,0,0,0
EASTSIDE,0,0,0,0,0,0,0,0
,US President,,,,,,,
,VOTE FOR 1,,,,,,,
,1 of 92 Precincts Reporting,,,,,,,
,REP Donald J. Trump,DEM Kamala Harris,Jay J Bowman,Claudia De la Cruz,Rachele Fruit,"Robert F Kennedy, Jr.",Jill Stein,Write-in Totals
FAIRMOUNT,0,0,0,0,0,0,0,0
FALLING WATER A,0,0,0,0,0,0,0,0
FALLING WATER B,0,0,0,0,0,0,0,0
FLAT TOP MOUNTAIN,0,0,0,0,0,0,0,0
GANNS,0,0,0,0,0,0,0,0
GLENWOOD,0,0,0,0,0,0,0,0
HARRISON,0,0,0,0,0,0,0,0
HARRISON BAY,11,22,33,47,55,65,80,12
HIXSON,0,0,0,0,0,0,0,0
HUNTER,0,0,0,0,0,0,0,0
HURRICANE CREEK,0,0,0,0,0,0,0,0
KINGSPOINT,0,0,0,0,0,0,0,0
LAKE HILLS,0,0,0,0,0,0,0,0
LAKESITE,12,21,35,43,55,69,76,11
LOOKOUT MOUNTAIN,0,0,0,0,0,0,0,0
LOOKOUT VALLEY,0,0,0,0,0,0,0,0
LUPTON CITY,0,0,0,0,0,0,0,0
MEADOWVIEW,0,0,0,0,0,0,0,0
MIDDLE VALLEY,0,0,0,0,0,0,0,0
MISSIONARY RIDGE,0,0,0,0,0,0,0,0
MOUNTAIN CREEK A,0,0,0,0,0,0,0,0
MOUNTAIN CREEK B,0,0,0,0,0,0,0,0
MOUNTAIN CREEK C,0,0,0,0,0,0,0,0
MOWBRAY A,0,0,0,0,0,0,0,0
MOWBRAY B,0,0,0,0,0,0,0,0
MURRAY HILLS,0,0,0,0,0,0,0,0
NORTH CHATTANOOGA A,0,0,0,0,0,0,0,0
NORTH CHATTANOOGA B,0,0,0,0,0,0,0,0
NORTHGATE,0,0,0,0,0,0,0,0
NORTHSHORE,0,0,0,0,0,0,0,0
,US President,,,,,,,
,VOTE FOR 1,,,,,,,
,1 of 92 Precincts Reporting,,,,,,,
,REP Donald J. Trump,DEM Kamala Harris,Jay J Bowman,Claudia De la Cruz,Rachele Fruit,"Robert F Kennedy, Jr.",Jill Stein,Write-in Totals
NORTHWOODS,0,0,0,0,0,0,0,0
OOLTEWAH,0,0,0,0,0,0,0,0
OOLTEWAH GEORGETOWN,0,0,0,0,0,0,0,0
OOLTEWAH RINGGOLD,0,0,0,0,0,0,0,0
PLEASANT GROVE A,0,0,0,0,0,0,0,0
PLEASANT GROVE B,0,0,0,0,0,0,0,0
POSSUM CREEK,12,23,35,44,56,63,78,11
RED BANK A,0,0,0,0,0,0,0,0
RED BANK B,12,22,32,43,54,60,77,11
RED BANK C,0,0,0,0,0,0,0,0
RIDGEDALE,0,0,0,0,0,0,0,0
RIDGESIDE,0,0,0,0,0,0,0,0
RIVERVIEW,0,0,0,0,0,0,0,0
SALE CREEK,0,0,0,0,0,0,0,0
SAVANNAH BAY,0,0,0,0,0,0,0,0
SEQUOYAH,0,0,0,0,0,0,0,0
SIGNAL MOUNTAIN A,12,23,34,43,54,60,74,12
SIGNAL MOUNTAIN B,0,0,0,0,0,0,0,0
SILVERDALE,0,0,0,0,0,0,0,0
SODDY DAISY A,0,0,0,0,0,0,0,0
SODDY DAISY B,0,0,0,0,0,0,0,0
SODDY DAISY C,0,0,0,0,0,0,0,0
ST ELMO,0,0,0,0,0,0,0,0
STUART HEIGHTS,0,0,0,0,0,0,0,0
SUMMIT,0,0,0,0,0,0,0,0
TYNER,0,0,0,0,0,0,0,0
VALLEYBROOK,0,0,0,0,0,0,0,0
WALDEN,11,21,33,47,56,64,80,12
WESTVIEW A,0,0,0,0,0,0,0,0
WESTVIEW B,0,0,0,0,0,0,0,0
,US President,,,,,,,
,VOTE FOR 1,,,,,,,
,1 of 92 Precincts Reporting,,,,,,,
,REP Donald J. Trump,DEM Kamala Harris,Jay J Bowman,Claudia De la Cruz,Rachele Fruit,"Robert F Kennedy, Jr.",Jill Stein,Write-in Totals
WOLFTEVER,0,0,0,0,0,0,0,0
WOODMORE,0,0,0,0,0,0,0,0
Totals,104,198,300,398,493,578,695,102
,US Senate,,,,,,US Representative - Dist 3,,,,
,VOTE FOR 1,,,,,,VOTE FOR 1,,,,
,1 of 92 Precincts Reporting,,,,,,1 of 92 Precincts Reporting,,,,
,REP Marsha Blackburn,DEM Gloria Johnson,Tharon Chandler,"Pamela Jeanine ""P."" Moses",Hastina Robinson,Write-in Totals,REP Chuck Fleischmann,DEM Jack Allen,Jean Howard-Hill,"Stephen ""Scooter"" King",Write-in Totals
AIRPORT A,11,22,32,42,53,11,11,22,32,42,11
AIRPORT B,0,0,0,0,0,0,0,0,0,0,0
ALTON PARK,0,0,0,0,0,0,0,0,0,0,0
APISON A,0,0,0,0,0,0,0,0,0,0,0
APISON B,11,22,33,43,55,10,11,22,33,43,11
AVONDALE,0,0,0,0,0,0,0,0,0,0,0
BIRCHWOOD,0,0,0,0,0,0,0,0,0,0,0
BONNY OAKS,0,0,0,0,0,0,0,0,0,0,0
BRAINERD,0,0,0,0,0,0,0,0,0,0,0
BRAINERD HILLS,0,0,0,0,0,0,0,0,0,0,0
BUSHTOWN,0,0,0,0,0,0,0,0,0,0,0
COLLEGEDALE A,0,0,0,0,0,0,0,0,0,0,0
COLLEGEDALE B,0,0,0,0,0,0,0,0,0,0,0
CONCORD A,0,0,0,0,0,0,0,0,0,0,0
CONCORD B,0,0,0,0,0,0,0,0,0,0,0
COURTHOUSE,0,0,0,0,0,0,0,0,0,0,0
DALEWOOD,0,0,0,0,0,0,0,0,0,0,0
DALLAS,0,0,0,0,0,0,0,0,0,0,0
DOWNTOWN,0,0,0,0,0,0,0,0,0,0,0
DUPONT,0,0,0,0,0,0,0,0,0,0,0
EAST BRAINERD A,0,0,0,0,0,0,0,0,0,0,0
EAST BRAINERD B,0,0,0,0,0,0,0,0,0,0,0
EAST CHATTANOOGA,0,0,0,0,0,0,0,0,0,0,0
EAST LAKE,0,0,0,0,0,0,0,0,0,0,0
EAST RIDGE A,0,0,0,0,0,0,0,0,0,0,0
EAST RIDGE B,12,22,33,46,55,11,12,22,33,46,11
EAST RIDGE C,0,0,0,0,0,0,0,0,0,0,0
EAST RIDGE D,0,0,0,0,0,0,0,0,0,0,0
EASTGATE,0,0,0,0,0,0,0,0,0,0,0
EASTSIDE,0,0,0,0,0,0,0,0,0,0,0
,US Senate,,,,,,US Representative - Dist 3,,,,
,VOTE FOR 1,,,,,,VOTE FOR 1,,,,
,1 of 92 Precincts Reporting,,,,,,1 of 92 Precincts Reporting,,,,
,REP Marsha Blackburn,DEM Gloria Johnson,Tharon Chandler,"Pamela Jeanine ""P."" Moses",Hastina Robinson,Write-in Totals,REP Chuck Fleischmann,DEM Jack Allen,Jean Howard-Hill,"Stephen ""Scooter"" King",Write-in Totals
FAIRMOUNT,0,0,0,0,0,0,0,0,0,0,0
FALLING WATER A,0,0,0,0,0,0,0,0,0,0,0
FALLING WATER B,0,0,0,0,0,0,0,0,0,0,0
FLAT TOP MOUNTAIN,0,0,0,0,0,0,0,0,0,0,0
GANNS,0,0,0,0,0,0,0,0,0,0,0
GLENWOOD,0,0,0,0,0,0,0,0,0,0,0
HARRISON,0,0,0,0,0,0,0,0,0,0,0
HARRISON BAY,11,22,33,47,55,10,11,22,33,47,11
HIXSON,0,0,0,0,0,0,0,0,0,0,0
HUNTER,0,0,0,0,0,0,0,0,0,0,0
HURRICANE CREEK,0,0,0,0,0,0,0,0,0,0,0
KINGSPOINT,0,0,0,0,0,0,0,0,0,0,0
LAKE HILLS,0,0,0,0,0,0,0,0,0,0,0
LAKESITE,12,21,35,43,55,12,12,21,35,43,11
LOOKOUT MOUNTAIN,0,0,0,0,0,0,0,0,0,0,0
LOOKOUT VALLEY,0,0,0,0,0,0,0,0,0,0,0
LUPTON CITY,0,0,0,0,0,0,0,0,0,0,0
MEADOWVIEW,0,0,0,0,0,0,0,0,0,0,0
MIDDLE VALLEY,0,0,0,0,0,0,0,0,0,0,0
MISSIONARY RIDGE,0,0,0,0,0,0,0,0,0,0,0
MOUNTAIN CREEK A,0,0,0,0,0,0,0,0,0,0,0
MOUNTAIN CREEK B,0,0,0,0,0,0,0,0,0,0,0
MOUNTAIN CREEK C,0,0,0,0,0,0,0,0,0,0,0
MOWBRAY A,0,0,0,0,0,0,0,0,0,0,0
MOWBRAY B,0,0,0,0,0,0,0,0,0,0,0
MURRAY HILLS,0,0,0,0,0,0,0,0,0,0,0
NORTH CHATTANOOGA A,0,0,0,0,0,0,0,0,0,0,0
NORTH CHATTANOOGA B,0,0,0,0,0,0,0,0,0,0,0
NORTHGATE,0,0,0,0,0,0,0,0,0,0,0
NORTHSHORE,0,0,0,0,0,0,0,0,0,0,0
,US Senate,,,,,,US Representative - Dist 3,,,,
,VOTE FOR 1,,,,,,VOTE FOR 1,,,,
,1 of 92 Precincts Reporting,,,,,,1 of 92 Precincts Reporting,,,,
,REP Marsha Blackburn,DEM Gloria Johnson,Tharon Chandler,"Pamela Jeanine ""P."" Moses",Hastina Robinson,Write-in Totals,REP Chuck Fleischmann,DEM Jack Allen,Jean Howard-Hill,"Stephen ""Scooter"" King",Write-in Totals
NORTHWOODS,0,0,0,0,0,0,0,0,0,0,0
OOLTEWAH,0,0,0,0,0,0,0,0,0,0,0
OOLTEWAH GEORGETOWN,0,0,0,0,0,0,0,0,0,0,0
OOLTEWAH RINGGOLD,0,0,0,0,0,0,0,0,0,0,0
PLEASANT GROVE A,0,0,0,0,0,0,0,0,0,0,0
PLEASANT GROVE B,0,0,0,0,0,0,0,0,0,0,0
POSSUM CREEK,12,23,35,44,56,11,12,23,35,44,11
RED BANK A,0,0,0,0,0,0,0,0,0,0,0
RED BANK B,12,22,32,43,54,9,12,22,32,43,11
RED BANK C,0,0,0,0,0,0,0,0,0,0,0
RIDGEDALE,0,0,0,0,0,0,0,0,0,0,0
RIDGESIDE,0,0,0,0,0,0,0,0,0,0,0
RIVERVIEW,0,0,0,0,0,0,0,0,0,0,0
SALE CREEK,0,0,0,0,0,0,0,0,0,0,0
SAVANNAH BAY,0,0,0,0,0,0,0,0,0,0,0
SEQUOYAH,0,0,0,0,0,0,0,0,0,0,0
SIGNAL MOUNTAIN A,12,23,34,43,54,11,12,23,34,43,10
SIGNAL MOUNTAIN B,0,0,0,0,0,0,0,0,0,0,0
SILVERDALE,0,0,0,0,0,0,0,0,0,0,0
SODDY DAISY A,0,0,0,0,0,0,0,0,0,0,0
SODDY DAISY B,0,0,0,0,0,0,0,0,0,0,0
SODDY DAISY C,0,0,0,0,0,0,0,0,0,0,0
ST ELMO,0,0,0,0,0,0,0,0,0,0,0
STUART HEIGHTS,0,0,0,0,0,0,0,0,0,0,0
SUMMIT,0,0,0,0,0,0,0,0,0,0,0
TYNER,0,0,0,0,0,0,0,0,0,0,0
VALLEYBROOK,0,0,0,0,0,0,0,0,0,0,0
WALDEN,11,21,33,47,56,11,11,21,33,47,11
WESTVIEW A,0,0,0,0,0,0,0,0,0,0,0
WESTVIEW B,0,0,0,0,0,0,0,0,0,0,0
,US Senate,,,,,,US Representative - Dist 3,,,,
,VOTE FOR 1,,,,,,VOTE FOR 1,,,,
,1 of 92 Precincts Reporting,,,,,,1 of 92 Precincts Reporting,,,,
,REP Marsha Blackburn,DEM Gloria Johnson,Tharon Chandler,"Pamela Jeanine ""P."" Moses",Hastina Robinson,Write-in Totals,REP Chuck Fleischmann,DEM Jack Allen,Jean Howard-Hill,"Stephen ""Scooter"" King",Write-in Totals
WOLFTEVER,0,0,0,0,0,0,0,0,0,0,0
WOODMORE,0,0,0,0,0,0,0,0,0,0,0
Totals,104,198,300,398,493,96,104,198,300,398,98
,TN Senate - Dist 10,,,TN Representative - House 26,,,TN Representative - House 27,,
,VOTE FOR 1,,,VOTE FOR 1,,,VOTE FOR 1,,
,0 of 35 Precincts Reporting,,,0 of 31 Precincts Reporting,,,1 of 33 Precincts Reporting,,
,REP Todd Gardenhire,DEM Missy Crutchfield,Write-in Totals,REP Greg Martin,DEM Allison Gorman,Write-in Totals,REP Michele Reneau,DEM Kathy Lennon,Write-in Totals
AIRPORT B,0,0,0,,,,,,
ALTON PARK,0,0,0,,,,,,
APISON A,0,0,0,,,,,,
APISON B,11,22,11,,,,,,
AVONDALE,,,,0,0,0,,,
BONNY OAKS,,,,0,0,0,,,
BRAINERD,0,0,0,,,,,,
BRAINERD HILLS,0,0,0,,,,,,
BUSHTOWN,,,,0,0,0,,,
COLLEGEDALE B,0,0,0,,,,,,
CONCORD A,0,0,0,,,,,,
CONCORD B,0,0,0,,,,,,
COURTHOUSE,0,0,0,0,0,0,,,
DALLAS,,,,0,0,0,0,0,0
DOWNTOWN,0,0,0,0,0,0,0,0,0
DUPONT,,,,0,0,0,,,
EAST BRAINERD A,0,0,0,,,,,,
EAST BRAINERD B,0,0,0,,,,,,
EAST LAKE,0,0,0,,,,,,
EAST RIDGE A,0,0,0,,,,,,
EAST RIDGE B,12,22,10,,,,,,
EAST RIDGE C,0,0,0,,,,,,
EAST RIDGE D,0,0,0,,,,,,
EASTGATE,0,0,0,,,,,,
EASTSIDE,0,0,0,0,0,0,,,
FAIRMOUNT,,,,,,,0,0,0
FALLING WATER A,,,,0,0,0,0,0,0
FALLING WATER B,,,,,,,0,0,0
FLAT TOP MOUNTAIN,,,,,,,0,0,0
GANNS,,,,0,0,0,,,
,TN Senate - Dist 10,,,TN Representative - House 26,,,TN Representative - House 27,,
,VOTE FOR 1,,,VOTE FOR 1,,,VOTE FOR 1,,
,0 of 35 Precincts Reporting,,,0 of 31 Precincts Reporting,,,1 of 33 Precincts Reporting,,
,REP Todd Gardenhire,DEM Missy Crutchfield,Write-in Totals,REP Greg Martin,DEM Allison Gorman,Write-in Totals,REP Michele Reneau,DEM Kathy Lennon,Write-in Totals
HARRISON,,,,0,0,0,,,
HIXSON,,,,0,0,0,0,0,0
HURRICANE CREEK,0,0,0,,,,,,
LAKESITE,,,,12,21,12,,,
LOOKOUT MOUNTAIN,0,0,0,,,,0,0,0
LOOKOUT VALLEY,0,0,0,,,,0,0,0
LUPTON CITY,,,,0,0,0,0,0,0
MIDDLE VALLEY,,,,0,0,0,,,
MISSIONARY RIDGE,0,0,0,,,,,,
MOUNTAIN CREEK A,,,,,,,0,0,0
MOUNTAIN CREEK B,,,,,,,0,0,0
MOUNTAIN CREEK C,0,0,0,,,,0,0,0
MOWBRAY A,,,,,,,0,0,0
MOWBRAY B,,,,,,,0,0,0
NORTH CHATTANOOGA A,,,,,,,0,0,0
NORTH CHATTANOOGA B,0,0,0,,,,,,
NORTHGATE,,,,0,0,0,,,
NORTHSHORE,,,,0,0,0,0,0,0
NORTHWOODS,,,,,,,0,0,0
OOLTEWAH RINGGOLD,0,0,0,,,,,,
PLEASANT GROVE A,,,,0,0,0,0,0,0
PLEASANT GROVE B,,,,0,0,0,,,
POSSUM CREEK,,,,12,23,12,0,0,0
RED BANK A,0,0,0,0,0,0,0,0,0
RED BANK B,,,,,,,12,22,12
RED BANK C,,,,0,0,0,0,0,0
RIDGEDALE,0,0,0,,,,,,
RIVERVIEW,,,,0,0,0,,,
SALE CREEK,,,,0,0,0,0,0,0
SEQUOYAH,,,,0,0,0,0,0,0
,TN Senate - Dist 10,,,TN Representative - House 26,,,TN Representative - House 27,,
,VOTE FOR 1,,,VOTE FOR 1,,,VOTE FOR 1,,
,0 of 35 Precincts Reporting,,,0 of 31 Precincts Reporting,,,1 of 33 Precincts Reporting,,
,REP Todd Gardenhire,DEM Missy Crutchfield,Write-in Totals,REP Greg Martin,DEM Allison Gorman,Write-in Totals,REP Michele Reneau,DEM Kathy Lennon,Write-in Totals
SIGNAL MOUNTAIN A,,,,,,,12,23,12
SIGNAL MOUNTAIN B,,,,,,,0,0,0
SILVERDALE,0,0,0,,,,,,
SODDY DAISY A,,,,0,0,0,0,0,0
SODDY DAISY B,,,,0,0,0,0,0,0
SODDY DAISY C,,,,0,0,0,0,0,0
ST ELMO,0,0,0,,,,0,0,0
STUART HEIGHTS,,,,0,0,0,0,0,0
TYNER,0,0,0,,,,,,
VALLEYBROOK,,,,0,0,0,,,
WALDEN,,,,,,,11,21,11
WESTVIEW A,0,0,0,,,,,,
WESTVIEW B,0,0,0,,,,,,
WOLFTEVER,,,,0,0,0,,,
WOODMORE,0,0,0,,,,,,
Totals,23,44,21,24,44,24,35,66,35
,TN Representative - House 28,,,TN Representative - House 29,,,TN Representative - House 30,,
,VOTE FOR 1,,,VOTE FOR 1,,,VOTE FOR 1,,
,0 of 27 Precincts Reporting,,,0 of 21 Precincts Reporting,,,0 of 25 Precincts Reporting,,
,DEM Yusuf A. Hakeem,Thomas J. Brooks III,Write-in Totals,REP Greg Vital,DEM Ryan Scofield,Write-in Totals,REP Esther Helton-Haynes,DEM Heather McClendon,Write-in Totals
AIRPORT A,11,22,11,0,0,0,,,
AIRPORT B,0,0,0,0,0,0,,,
ALTON PARK,0,0,0,,,,0,0,0
APISON A,,,,,,,0,0,0
APISON B,,,,0,0,0,11,22,11
AVONDALE,0,0,0,,,,,,
BIRCHWOOD,,,,0,0,0,,,
BONNY OAKS,0,0,0,0,0,0,,,
BRAINERD,0,0,0,,,,0,0,0
BRAINERD HILLS,0,0,0,0,0,0,0,0,0
BUSHTOWN,0,0,0,,,,,,
COLLEGEDALE A,,,,0,0,0,,,
COLLEGEDALE B,,,,0,0,0,,,
CONCORD A,,,,,,,0,0,0
CONCORD B,,,,0,0,0,0,0,0
COURTHOUSE,0,0,0,,,,,,
DALEWOOD,0,0,0,,,,0,0,0
DOWNTOWN,0,0,0,,,,,,
EAST BRAINERD A,,,,,,,0,0,0
EAST BRAINERD B,,,,0,0,0,0,0,0
EAST CHATTANOOGA,0,0,0,,,,,,
EAST LAKE,0,0,0,,,,0,0,0
EAST RIDGE A,,,,,,,0,0,0
EAST RIDGE B,,,,,,,12,22,10
EAST RIDGE C,,,,,,,0,0,0
EAST RIDGE D,,,,,,,0,0,0
EASTGATE,0,0,0,,,,,,
EASTSIDE,0,0,0,,,,0,0,0
GLENWOOD,0,0,0,,,,0,0,0
HARRISON,0,0,0,,,,,,
,TN Representative - House 28,,,TN Representative - House 29,,,TN Representative - House 30,,
,VOTE FOR 1,,,VOTE FOR 1,,,VOTE FOR 1,,
,0 of 27 Precincts Reporting,,,0 of 21 Precincts Reporting,,,0 of 25 Precincts Reporting,,
,DEM Yusuf A. Hakeem,Thomas J. Brooks III,Write-in Totals,REP Greg Vital,DEM Ryan Scofield,Write-in Totals,REP Esther Helton-Haynes,DEM Heather McClendon,Write-in Totals
HARRISON BAY,,,,11,22,12,,,
HUNTER,,,,0,0,0,,,
HURRICANE CREEK,,,,,,,0,0,0
KINGSPOINT,0,0,0,,,,,,
LAKE HILLS,0,0,0,,,,,,
MEADOWVIEW,,,,0,0,0,,,
MISSIONARY RIDGE,,,,,,,0,0,0
MOUNTAIN CREEK C,0,0,0,,,,,,
MURRAY HILLS,0,0,0,,,,,,
NORTH CHATTANOOGA A,0,0,0,,,,,,
NORTH CHATTANOOGA B,0,0,0,,,,,,
NORTHSHORE,0,0,0,,,,,,
OOLTEWAH,,,,0,0,0,0,0,0
OOLTEWAH GEORGETOWN,,,,0,0,0,,,
OOLTEWAH RINGGOLD,,,,0,0,0,0,0,0
RIDGEDALE,0,0,0,,,,,,
RIDGESIDE,,,,,,,0,0,0
SAVANNAH BAY,,,,0,0,0,,,
SILVERDALE,,,,0,0,0,0,0,0
ST ELMO,0,0,0,,,,,,
SUMMIT,,,,0,0,0,,,
TYNER,,,,0,0,0,,,
WESTVIEW A,,,,,,,0,0,0
WESTVIEW B,,,,,,,0,0,0
WOLFTEVER,,,,0,0,0,,,
WOODMORE,0,0,0,,,,,,
Totals,11,22,11,11,22,12,23,44,21
,Collegedale Commissioner,,,,,East Ridge City Council,,,
,VOTE FOR 3,,,,,VOTE FOR 2,,,
,0 of 5 Precincts Reporting,,,,,0 of 5 Precincts Reporting,,,
,Debbie Baker,Billy Burnette,Laura Howse,Tim Johnson,Write-in Totals,Stanley L. Allen,Jeff Ezell,"Andrea ""Aundie"" Witt",Write-in Totals
APISON B,11,22,33,44,33,,,,
COLLEGEDALE A,0,0,0,0,0,,,,
COLLEGEDALE B,0,0,0,0,0,,,,
EAST RIDGE A,,,,,,0,0,0,0
EAST RIDGE B,,,,,,12,23,32,21
EAST RIDGE C,,,,,,0,0,0,0
EAST RIDGE D,,,,,,0,0,0,0
OOLTEWAH,0,0,0,0,0,,,,
COLLEGEDALE,0,0,0,0,0,,,,
EAST RIDGE,,,,,,0,0,0,0
Totals,11,22,33,44,33,12,23,32,21
,Lakesite Commissioner,,,,Red Bank Commissioner,,,,
,VOTE FOR 3,,,,VOTE FOR 2,,,,
,0 of 1 Precincts Reporting,,,,0 of 4 Precincts Reporting,,,,
,Bobby Bishop,Valerie J. Boddy,David Howell,Write-in Totals,Stefanie Dalton,Terri Holmes,Katy Mena-Berkley,Jeff Price,Write-in Totals
LAKESITE,12,23,33,31,,,,,
RED BANK A,,,,,0,0,0,0,0
RED BANK B,,,,,12,23,34,43,20
RED BANK C,,,,,0,0,0,0,0
STUART HEIGHTS,,,,,0,0,0,0,0
Totals,12,23,33,31,12,23,34,43,20
,Signal Mountain Town Council,,,,
,VOTE FOR 3,,,,
,0 of 2 Precincts Reporting,,,,
,Andrew Gardner,J. Miles Jorgensen,Rufus Marye,Eddie Smith,Write-in Totals
SIGNAL MOUNTAIN A,12,24,35,46,35
SIGNAL MOUNTAIN B,0,0,0,0,0
Totals,12,24,35,46,35
,Soddy Daisy Commisioner,,,,,,,Walden Mayor,
,VOTE FOR 3,,,,,,,VOTE FOR 1,
,0 of 5 Precincts Reporting,,,,,,,1 of 1 Precincts Reporting,
,Travis Beene,James Berry,Jim Biggs,Jim Coleman,Steve Everett,Derek Kukura,Write-in Totals,Lee Davis,Write-in Totals
FALLING WATER A,0,0,0,0,0,0,0,,
POSSUM CREEK,12,24,35,46,57,67,33,,
SODDY DAISY A,0,0,0,0,0,0,0,,
SODDY DAISY B,0,0,0,0,0,0,0,,
SODDY DAISY C,0,0,0,0,0,0,0,,
WALDEN,,,,,,,,11,11
Totals,12,24,35,46,57,67,33,11,11
,Walden Alderman,,,Liquor Referendum,
,VOTE FOR 1,,,VOTE FOR 1,
,1 of 1 Precincts Reporting,,,1 of 43 Precincts Reporting,
,Lizzy Schmidt,Lou Ziebold,Write-in Totals,For,Against
APISON A,,,,0,0
APISON B,,,,0,0
BIRCHWOOD,,,,0,0
COLLEGEDALE A,,,,0,0
COLLEGEDALE B,,,,0,0
DALLAS,,,,0,0
FAIRMOUNT,,,,0,0
FALLING WATER A,,,,0,0
FALLING WATER B,,,,0,0
FLAT TOP MOUNTAIN,,,,0,0
GANNS,,,,0,0
HARRISON,,,,0,0
HARRISON BAY,,,,11,22
HUNTER,,,,0,0
HURRICANE CREEK,,,,0,0
LAKESITE,,,,12,21
LOOKOUT MOUNTAIN,,,,0,0
LOOKOUT VALLEY,,,,0,0
MEADOWVIEW,,,,0,0
MIDDLE VALLEY,,,,0,0
MOUNTAIN CREEK B,,,,0,0
MOUNTAIN CREEK C,,,,0,0
MOWBRAY A,,,,0,0
MOWBRAY B,,,,0,0
OOLTEWAH,,,,0,0
OOLTEWAH GEORGETOWN,,,,0,0
OOLTEWAH RINGGOLD,,,,0,0
PLEASANT GROVE A,,,,0,0
PLEASANT GROVE B,,,,0,0
POSSUM CREEK,,,,0,0
,Walden Alderman,,,Liquor Referendum,
,VOTE FOR 1,,,VOTE FOR 1,
,1 of 1 Precincts Reporting,,,1 of 43 Precincts Reporting,
,Lizzy Schmidt,Lou Ziebold,Write-in Totals,For,Against
RIDGESIDE,,,,0,0
SALE CREEK,,,,0,0
SAVANNAH BAY,,,,0,0
SEQUOYAH,,,,0,0
SIGNAL MOUNTAIN B,,,,0,0
SODDY DAISY A,,,,0,0
ST ELMO,,,,0,0
SUMMIT,,,,0,0
VALLEYBROOK,,,,0,0
WALDEN,11,21,11,11,21
WESTVIEW A,,,,0,0
WESTVIEW B,,,,0,0
WOLFTEVER,,,,0,0
Totals,11,21,11,34,64
