Custom Table Report,,,,,,,UNOFFICIAL RESULTS
2026-08-06 State Primary & County General,,,,,,,
"August 6, 2026",,,,,,,Hamilton
,,STATISTICS,,,,,
,,Registered Voters - Total,Ballots Cast - Total,Ballots Cast - Republican,Ballots Cast - Democratic,Ballots Cast - General,
,AIRPORT A,446,0,0,0,0,
,AIRPORT B,"1,290",0,0,0,0,
,ALTON PARK,"1,917",0,0,0,0,
,APISON A,"1,887",0,0,0,0,
,APISON B,"2,630",0,0,0,0,
,AVONDALE,"1,265",0,0,0,0,
,BIRCHWOOD,"2,195",0,0,0,0,
,BONNY OAKS,"2,266",0,0,0,0,
,BRAINERD,"1,972",0,0,0,0,
,BRAINERD HILLS,"1,908",0,0,0,0,
,BUSHTOWN,"2,127",0,0,0,0,
,COLLEGEDALE A,"2,016",0,0,0,0,
,COLLEGEDALE B,"1,042",0,0,0,0,
,CONCORD A,"1,737",0,0,0,0,
,CONCORD B,"3,048",0,0,0,0,
,COURTHOUSE,"1,428",0,0,0,0,
,DALEWOOD,"2,108",0,0,0,0,
,DALLAS,"3,647",0,0,0,0,
,DOWNTOWN,"2,568",0,0,0,0,
,DUPONT,"2,929",0,0,0,0,
,EAST BRAINERD A,"3,242",0,0,0,0,
,EAST BRAINERD B,"4,612",0,0,0,0,
,EAST CHATTANOOGA,"1,699",0,0,0,0,
,EAST LAKE,"1,395",0,0,0,0,
,EAST RIDGE A,"3,261",0,0,0,0,
,EAST RIDGE B,"3,370",0,0,0,0,
,EAST RIDGE C,"1,476",0,0,0,0,
,EAST RIDGE D,"2,888",0,0,0,0,
,EASTGATE,"1,975",0,0,0,0,
,EASTSIDE,"2,700",0,0,0,0,
,FAIRMOUNT,"2,817",0,0,0,0,
,FALLING WATER A,508,0,0,0,0,
,STATISTICS,,,,
,Registered Voters - Total,Ballots Cast - Total,Ballots Cast - Republican,Ballots Cast - Democratic,Ballots Cast - General
FALLING WATER B,984,0,0,0,0
FLAT TOP MOUNTAIN,496,0,0,0,0
GANNS,"3,650",0,0,0,0
GLENWOOD,"1,816",0,0,0,0
HARRISON,"3,475",0,0,0,0
HARRISON BAY,"4,171",0,0,0,0
HIXSON,"2,049",0,0,0,0
HUNTER,"4,112",0,0,0,0
HURRICANE CREEK,"4,493",0,0,0,0
KINGSPOINT,"1,822",0,0,0,0
LAKE HILLS,"1,468",0,0,0,0
LAKESITE,"1,372",0,0,0,0
LOOKOUT MOUNTAIN,"1,528",0,0,0,0
LOOKOUT VALLEY,"4,232",0,0,0,0
LUPTON CITY,"2,608",0,0,0,0
MEADOWVIEW,"3,041",0,0,0,0
MIDDLE VALLEY,"2,052",0,0,0,0
MISSIONARY RIDGE,"1,427",0,0,0,0
MOUNTAIN CREEK A,"3,557",0,0,0,0
MOUNTAIN CREEK B,"1,388",0,0,0,0
MOUNTAIN CREEK C,184,0,0,0,0
MOWBRAY A,515,0,0,0,0
MOWBRAY B,679,0,0,0,0
MURRAY HILLS,"1,741",0,0,0,0
NORTH CHATTANOOGA A,"1,734",0,0,0,0
NORTH CHATTANOOGA B,"1,159",0,0,0,0
NORTHGATE,"2,942",0,0,0,0
NORTHSHORE,"3,087",0,0,0,0
NORTHWOODS,"3,617",0,0,0,0
OOLTEWAH,"4,939",0,0,0,0
OOLTEWAH GEORGETOWN,"2,429",0,0,0,0
OOLTEWAH RINGGOLD,"5,265",0,0,0,0
,STATISTICS,,,,
,Registered Voters - Total,Ballots Cast - Total,Ballots Cast - Republican,Ballots Cast - Democratic,Ballots Cast - General
PLEASANT GROVE A,"3,305",0,0,0,0
PLEASANT GROVE B,256,0,0,0,0
POSSUM CREEK,"3,406",0,0,0,0
RED BANK A,"3,123",0,0,0,0
RED BANK B,"2,405",0,0,0,0
RED BANK C,"1,850",0,0,0,0
RIDGEDALE,"2,127",0,0,0,0
RIDGESIDE,360,0,0,0,0
RIVERVIEW,"1,911",0,0,0,0
SALE CREEK,"2,329",0,0,0,0
SAVANNAH BAY,"3,177",0,0,0,0
SEQUOYAH,"2,590",0,0,0,0
SIGNAL MOUNTAIN A,"2,316",0,0,0,0
SIGNAL MOUNTAIN B,"4,298",0,0,0,0
SILVERDALE,"1,410",0,0,0,0
SODDY DAISY A,"3,095",0,0,0,0
SODDY DAISY B,"2,913",0,0,0,0
SODDY DAISY C,"1,581",0,0,0,0
ST ELMO,"2,578",0,0,0,0
STUART HEIGHTS,"3,066",0,0,0,0
SUMMIT,"3,290",0,0,0,0
TYNER,"2,253",0,0,0,0
VALLEYBROOK,"4,483",0,0,0,0
WALDEN,"1,596",0,0,0,0
WESTVIEW A,"1,568",0,0,0,0
WESTVIEW B,"2,991",0,0,0,0
WOLFTEVER,"4,474",0,0,0,0
WOODMORE,"1,615",0,0,0,0
Collegedale Property Rights,0,0,0,0,0
Totals,"218,767",0,0,0,0
,REP Governor,,,,REP United States Senate,,"REP United States House of Representatives, District 3",,"REP Tennessee Senate, District 11 District 11",
,VOTE FOR 1,,,,VOTE FOR 1,,VOTE FOR 1,,VOTE FOR 1,
,0 of 93 Precincts Reporting,,,,0 of 93 Precincts Reporting,,0 of 93 Precincts Reporting,,0 of 57 Precincts Reporting,
,Marsha Blackburn,Monty Fritts,John Rose,Write-in Totals,Bill Hagerty,Write-in Totals,Chuck Fleischmann,Write-in Totals,Bo Watson,Write-in Totals
AIRPORT A,0,0,0,0,0,0,0,0,0,0
AIRPORT B,0,0,0,0,0,0,0,0,,
ALTON PARK,0,0,0,0,0,0,0,0,,
APISON A,0,0,0,0,0,0,0,0,,
APISON B,0,0,0,0,0,0,0,0,,
AVONDALE,0,0,0,0,0,0,0,0,0,0
BIRCHWOOD,0,0,0,0,0,0,0,0,0,0
BONNY OAKS,0,0,0,0,0,0,0,0,0,0
BRAINERD,0,0,0,0,0,0,0,0,,
BRAINERD HILLS,0,0,0,0,0,0,0,0,,
BUSHTOWN,0,0,0,0,0,0,0,0,0,0
COLLEGEDALE A,0,0,0,0,0,0,0,0,0,0
COLLEGEDALE B,0,0,0,0,0,0,0,0,,
CONCORD A,0,0,0,0,0,0,0,0,,
CONCORD B,0,0,0,0,0,0,0,0,,
COURTHOUSE,0,0,0,0,0,0,0,0,,
DALEWOOD,0,0,0,0,0,0,0,0,0,0
DALLAS,0,0,0,0,0,0,0,0,0,0
DOWNTOWN,0,0,0,0,0,0,0,0,,
DUPONT,0,0,0,0,0,0,0,0,0,0
EAST BRAINERD A,0,0,0,0,0,0,0,0,,
EAST BRAINERD B,0,0,0,0,0,0,0,0,,
EAST CHATTANOOGA,0,0,0,0,0,0,0,0,0,0
EAST LAKE,0,0,0,0,0,0,0,0,,
EAST RIDGE A,0,0,0,0,0,0,0,0,,
EAST RIDGE B,0,0,0,0,0,0,0,0,,
EAST RIDGE C,0,0,0,0,0,0,0,0,,
,REP Governor,,,,REP United States Senate,,"REP United States House of Representatives, District 3",,"REP Tennessee Senate, District 11 District 11",
,VOTE FOR 1,,,,VOTE FOR 1,,VOTE FOR 1,,VOTE FOR 1,
,0 of 93 Precincts Reporting,,,,0 of 93 Precincts Reporting,,0 of 93 Precincts Reporting,,0 of 57 Precincts Reporting,
,Marsha Blackburn,Monty Fritts,John Rose,Write-in Totals,Bill Hagerty,Write-in Totals,Chuck Fleischmann,Write-in Totals,Bo Watson,Write-in Totals
EAST RIDGE D,0,0,0,0,0,0,0,0,,
EASTGATE,0,0,0,0,0,0,0,0,,
EASTSIDE,0,0,0,0,0,0,0,0,,
FAIRMOUNT,0,0,0,0,0,0,0,0,0,0
FALLING WATER A,0,0,0,0,0,0,0,0,0,0
FALLING WATER B,0,0,0,0,0,0,0,0,0,0
FLAT TOP MOUNTAIN,0,0,0,0,0,0,0,0,0,0
GANNS,0,0,0,0,0,0,0,0,0,0
GLENWOOD,0,0,0,0,0,0,0,0,0,0
HARRISON,0,0,0,0,0,0,0,0,0,0
HARRISON BAY,0,0,0,0,0,0,0,0,0,0
HIXSON,0,0,0,0,0,0,0,0,0,0
HUNTER,0,0,0,0,0,0,0,0,0,0
HURRICANE CREEK,0,0,0,0,0,0,0,0,,
KINGSPOINT,0,0,0,0,0,0,0,0,0,0
LAKE HILLS,0,0,0,0,0,0,0,0,0,0
LAKESITE,0,0,0,0,0,0,0,0,0,0
LOOKOUT MOUNTAIN,0,0,0,0,0,0,0,0,,
LOOKOUT VALLEY,0,0,0,0,0,0,0,0,,
LUPTON CITY,0,0,0,0,0,0,0,0,0,0
MEADOWVIEW,0,0,0,0,0,0,0,0,0,0
MIDDLE VALLEY,0,0,0,0,0,0,0,0,0,0
MISSIONARY RIDGE,0,0,0,0,0,0,0,0,,
MOUNTAIN CREEK A,0,0,0,0,0,0,0,0,0,0
MOUNTAIN CREEK B,0,0,0,0,0,0,0,0,0,0
MOUNTAIN CREEK C,0,0,0,0,0,0,0,0,,
MOWBRAY A,0,0,0,0,0,0,0,0,0,0
,REP Governor,,,,REP United States Senate,,"REP United States House of Representatives, District 3",,"REP Tennessee Senate, District 11 District 11",
,VOTE FOR 1,,,,VOTE FOR 1,,VOTE FOR 1,,VOTE FOR 1,
,0 of 93 Precincts Reporting,,,,0 of 93 Precincts Reporting,,0 of 93 Precincts Reporting,,0 of 57 Precincts Reporting,
,Marsha Blackburn,Monty Fritts,John Rose,Write-in Totals,Bill Hagerty,Write-in Totals,Chuck Fleischmann,Write-in Totals,Bo Watson,Write-in Totals
MOWBRAY B,0,0,0,0,0,0,0,0,0,0
MURRAY HILLS,0,0,0,0,0,0,0,0,0,0
NORTH CHATTANOOGA A,0,0,0,0,0,0,0,0,0,0
NORTH CHATTANOOGA B,0,0,0,0,0,0,0,0,,
NORTHGATE,0,0,0,0,0,0,0,0,0,0
NORTHSHORE,0,0,0,0,0,0,0,0,0,0
NORTHWOODS,0,0,0,0,0,0,0,0,0,0
OOLTEWAH,0,0,0,0,0,0,0,0,0,0
OOLTEWAH GEORGETOWN,0,0,0,0,0,0,0,0,0,0
OOLTEWAH RINGGOLD,0,0,0,0,0,0,0,0,,
PLEASANT GROVE A,0,0,0,0,0,0,0,0,0,0
PLEASANT GROVE B,0,0,0,0,0,0,0,0,0,0
POSSUM CREEK,0,0,0,0,0,0,0,0,0,0
RED BANK A,0,0,0,0,0,0,0,0,,
RED BANK B,0,0,0,0,0,0,0,0,0,0
RED BANK C,0,0,0,0,0,0,0,0,0,0
RIDGEDALE,0,0,0,0,0,0,0,0,,
RIDGESIDE,0,0,0,0,0,0,0,0,0,0
RIVERVIEW,0,0,0,0,0,0,0,0,0,0
SALE CREEK,0,0,0,0,0,0,0,0,0,0
SAVANNAH BAY,0,0,0,0,0,0,0,0,0,0
SEQUOYAH,0,0,0,0,0,0,0,0,0,0
SIGNAL MOUNTAIN A,0,0,0,0,0,0,0,0,0,0
SIGNAL MOUNTAIN B,0,0,0,0,0,0,0,0,0,0
SILVERDALE,0,0,0,0,0,0,0,0,,
SODDY DAISY A,0,0,0,0,0,0,0,0,0,0
SODDY DAISY B,0,0,0,0,0,0,0,0,0,0
,REP Governor,,,,REP United States Senate,,"REP United States House of Representatives, District 3",,"REP Tennessee Senate, District 11 District 11",
,VOTE FOR 1,,,,VOTE FOR 1,,VOTE FOR 1,,VOTE FOR 1,
,0 of 93 Precincts Reporting,,,,0 of 93 Precincts Reporting,,0 of 93 Precincts Reporting,,0 of 57 Precincts Reporting,
,Marsha Blackburn,Monty Fritts,John Rose,Write-in Totals,Bill Hagerty,Write-in Totals,Chuck Fleischmann,Write-in Totals,Bo Watson,Write-in Totals
SODDY DAISY C,0,0,0,0,0,0,0,0,0,0
ST ELMO,0,0,0,0,0,0,0,0,,
STUART HEIGHTS,0,0,0,0,0,0,0,0,0,0
SUMMIT,0,0,0,0,0,0,0,0,0,0
TYNER,0,0,0,0,0,0,0,0,,
VALLEYBROOK,0,0,0,0,0,0,0,0,0,0
WALDEN,0,0,0,0,0,0,0,0,0,0
WESTVIEW A,0,0,0,0,0,0,0,0,,
WESTVIEW B,0,0,0,0,0,0,0,0,,
WOLFTEVER,0,0,0,0,0,0,0,0,0,0
WOODMORE,0,0,0,0,0,0,0,0,,
Collegedale Property Rights,0,0,0,0,0,0,0,0,,
Totals,0,0,0,0,0,0,0,0,0,0
,"REP Tennessee House of Representatives, District 26 District 26",,"REP Tennessee House of Representatives, District 27 District 27",,,"REP Tennessee House of Representatives, District 28 District 28",,"REP Tennessee House of Representatives, District 29 District 29",
,VOTE FOR 1,,VOTE FOR 1,,,VOTE FOR 1,,VOTE FOR 1,
,0 of 31 Precincts Reporting,,0 of 33 Precincts Reporting,,,0 of 27 Precincts Reporting,,0 of 21 Precincts Reporting,
,Greg Martin,Write-in Totals,Tony Hullender,Michele Reneau,Write-in Totals,No Candidate Qualified,Write-in Totals,Greg Vital,Write-in Totals
AIRPORT A,,,,,,0,0,0,0
AIRPORT B,,,,,,0,0,0,0
ALTON PARK,,,,,,0,0,,
APISON B,,,,,,,,0,0
AVONDALE,0,0,,,,0,0,,
BIRCHWOOD,,,,,,,,0,0
BONNY OAKS,0,0,,,,0,0,0,0
BRAINERD,,,,,,0,0,,
BRAINERD HILLS,,,,,,0,0,0,0
BUSHTOWN,0,0,,,,0,0,,
COLLEGEDALE A,,,,,,,,0,0
COLLEGEDALE B,,,,,,,,0,0
CONCORD B,,,,,,,,0,0
COURTHOUSE,0,0,,,,0,0,,
DALEWOOD,,,,,,0,0,,
DALLAS,0,0,0,0,0,,,,
DOWNTOWN,0,0,0,0,0,0,0,,
DUPONT,0,0,,,,,,,
EAST BRAINERD B,,,,,,,,0,0
EAST CHATTANOOGA,,,,,,0,0,,
EAST LAKE,,,,,,0,0,,
EASTGATE,,,,,,0,0,,
EASTSIDE,0,0,,,,0,0,,
FAIRMOUNT,,,0,0,0,,,,
FALLING WATER A,0,0,0,0,0,,,,
FALLING WATER B,,,0,0,0,,,,
,"REP Tennessee House of Representatives, District 26 District 26",,"REP Tennessee House of Representatives, District 27 District 27",,,"REP Tennessee House of Representatives, District 28 District 28",,"REP Tennessee House of Representatives, District 29 District 29",
,VOTE FOR 1,,VOTE FOR 1,,,VOTE FOR 1,,VOTE FOR 1,
,0 of 31 Precincts Reporting,,0 of 33 Precincts Reporting,,,0 of 27 Precincts Reporting,,0 of 21 Precincts Reporting,
,Greg Martin,Write-in Totals,Tony Hullender,Michele Reneau,Write-in Totals,No Candidate Qualified,Write-in Totals,Greg Vital,Write-in Totals
FLAT TOP MOUNTAIN,,,0,0,0,,,,
GANNS,0,0,,,,,,,
GLENWOOD,,,,,,0,0,,
HARRISON,0,0,,,,0,0,,
HARRISON BAY,,,,,,,,0,0
HIXSON,0,0,0,0,0,,,,
HUNTER,,,,,,,,0,0
KINGSPOINT,,,,,,0,0,,
LAKE HILLS,,,,,,0,0,,
LAKESITE,0,0,,,,,,,
LOOKOUT MOUNTAIN,,,0,0,0,,,,
LOOKOUT VALLEY,,,0,0,0,,,,
LUPTON CITY,0,0,0,0,0,,,,
MEADOWVIEW,,,,,,,,0,0
MIDDLE VALLEY,0,0,,,,,,,
MOUNTAIN CREEK A,,,0,0,0,,,,
MOUNTAIN CREEK B,,,0,0,0,,,,
MOUNTAIN CREEK C,,,0,0,0,0,0,,
MOWBRAY A,,,0,0,0,,,,
MOWBRAY B,,,0,0,0,,,,
MURRAY HILLS,,,,,,0,0,,
NORTH CHATTANOOGA A,,,0,0,0,0,0,,
NORTH CHATTANOOGA B,,,,,,0,0,,
NORTHGATE,0,0,,,,,,,
NORTHSHORE,0,0,0,0,0,0,0,,
NORTHWOODS,,,0,0,0,,,,
,"REP Tennessee House of Representatives, District 26 District 26",,"REP Tennessee House of Representatives, District 27 District 27",,,"REP Tennessee House of Representatives, District 28 District 28",,"REP Tennessee House of Representatives, District 29 District 29",
,VOTE FOR 1,,VOTE FOR 1,,,VOTE FOR 1,,VOTE FOR 1,
,0 of 31 Precincts Reporting,,0 of 33 Precincts Reporting,,,0 of 27 Precincts Reporting,,0 of 21 Precincts Reporting,
,Greg Martin,Write-in Totals,Tony Hullender,Michele Reneau,Write-in Totals,No Candidate Qualified,Write-in Totals,Greg Vital,Write-in Totals
OOLTEWAH,,,,,,,,0,0
OOLTEWAH GEORGETOWN,,,,,,,,0,0
OOLTEWAH RINGGOLD,,,,,,,,0,0
PLEASANT GROVE A,0,0,0,0,0,,,,
PLEASANT GROVE B,0,0,,,,,,,
POSSUM CREEK,0,0,0,0,0,,,,
RED BANK A,0,0,0,0,0,,,,
RED BANK B,,,0,0,0,,,,
RED BANK C,0,0,0,0,0,,,,
RIDGEDALE,,,,,,0,0,,
RIVERVIEW,0,0,,,,,,,
SALE CREEK,0,0,0,0,0,,,,
SAVANNAH BAY,,,,,,,,0,0
SEQUOYAH,0,0,0,0,0,,,,
SIGNAL MOUNTAIN A,,,0,0,0,,,,
SIGNAL MOUNTAIN B,,,0,0,0,,,,
SILVERDALE,,,,,,,,0,0
SODDY DAISY A,0,0,0,0,0,,,,
SODDY DAISY B,0,0,0,0,0,,,,
SODDY DAISY C,0,0,0,0,0,,,,
ST ELMO,,,0,0,0,0,0,,
STUART HEIGHTS,0,0,0,0,0,,,,
SUMMIT,,,,,,,,0,0
TYNER,,,,,,,,0,0
VALLEYBROOK,0,0,,,,,,,
WALDEN,,,0,0,0,,,,
,"REP Tennessee House of Representatives, District 26 District 26",,"REP Tennessee House of Representatives, District 27 District 27",,,"REP Tennessee House of Representatives, District 28 District 28",,"REP Tennessee House of Representatives, District 29 District 29",
,VOTE FOR 1,,VOTE FOR 1,,,VOTE FOR 1,,VOTE FOR 1,
,0 of 31 Precincts Reporting,,0 of 33 Precincts Reporting,,,0 of 27 Precincts Reporting,,0 of 21 Precincts Reporting,
,Greg Martin,Write-in Totals,Tony Hullender,Michele Reneau,Write-in Totals,No Candidate Qualified,Write-in Totals,Greg Vital,Write-in Totals
WOLFTEVER,0,0,,,,,,0,0
WOODMORE,,,,,,0,0,,
Totals,0,0,0,0,0,0,0,0,0
,"REP Tennessee House of Representatives, District 30 District 30",,"REP State Executive Committeeman, District 10 District 10",,"REP State Executive Committeeman, District 11 District 11",,,"REP State Executive Committeewoman, District 10 District 10",
,VOTE FOR 1,,VOTE FOR 1,,VOTE FOR 1,,,VOTE FOR 1,
,0 of 25 Precincts Reporting,,0 of 35 Precincts Reporting,,0 of 57 Precincts Reporting,,,0 of 35 Precincts Reporting,
,Esther Helton Haynes,Write-in Totals,Kenneth J (Ken) Meyer,Write-in Totals,Derek Greene,David G. Queen,Write-in Totals,Emily Goldberg,Write-in Totals
AIRPORT A,,,,,0,0,0,,
AIRPORT B,,,0,0,,,,0,0
ALTON PARK,0,0,0,0,,,,0,0
APISON A,0,0,0,0,,,,0,0
APISON B,0,0,0,0,,,,0,0
AVONDALE,,,,,0,0,0,,
BIRCHWOOD,,,,,0,0,0,,
BONNY OAKS,,,,,0,0,0,,
BRAINERD,0,0,0,0,,,,0,0
BRAINERD HILLS,0,0,0,0,,,,0,0
BUSHTOWN,,,,,0,0,0,,
COLLEGEDALE A,,,,,0,0,0,,
COLLEGEDALE B,,,0,0,,,,0,0
CONCORD A,0,0,0,0,,,,0,0
CONCORD B,0,0,0,0,,,,0,0
COURTHOUSE,,,0,0,,,,0,0
DALEWOOD,0,0,,,0,0,0,,
DALLAS,,,,,0,0,0,,
DOWNTOWN,,,0,0,,,,0,0
DUPONT,,,,,0,0,0,,
EAST BRAINERD A,0,0,0,0,,,,0,0
EAST BRAINERD B,0,0,0,0,,,,0,0
EAST CHATTANOOGA,,,,,0,0,0,,
EAST LAKE,0,0,0,0,,,,0,0
EAST RIDGE A,0,0,0,0,,,,0,0
EAST RIDGE B,0,0,0,0,,,,0,0
,"REP Tennessee House of Representatives, District 30 District 30",,"REP State Executive Committeeman, District 10 District 10",,"REP State Executive Committeeman, District 11 District 11",,,"REP State Executive Committeewoman, District 10 District 10",
,VOTE FOR 1,,VOTE FOR 1,,VOTE FOR 1,,,VOTE FOR 1,
,0 of 25 Precincts Reporting,,0 of 35 Precincts Reporting,,0 of 57 Precincts Reporting,,,0 of 35 Precincts Reporting,
,Esther Helton Haynes,Write-in Totals,Kenneth J (Ken) Meyer,Write-in Totals,Derek Greene,David G. Queen,Write-in Totals,Emily Goldberg,Write-in Totals
EAST RIDGE C,0,0,0,0,,,,0,0
EAST RIDGE D,0,0,0,0,,,,0,0
EASTGATE,,,0,0,,,,0,0
EASTSIDE,0,0,0,0,,,,0,0
FAIRMOUNT,,,,,0,0,0,,
FALLING WATER A,,,,,0,0,0,,
FALLING WATER B,,,,,0,0,0,,
FLAT TOP MOUNTAIN,,,,,0,0,0,,
GANNS,,,,,0,0,0,,
GLENWOOD,0,0,,,0,0,0,,
HARRISON,,,,,0,0,0,,
HARRISON BAY,,,,,0,0,0,,
HIXSON,,,,,0,0,0,,
HUNTER,,,,,0,0,0,,
HURRICANE CREEK,0,0,0,0,,,,0,0
KINGSPOINT,,,,,0,0,0,,
LAKE HILLS,,,,,0,0,0,,
LAKESITE,,,,,0,0,0,,
LOOKOUT MOUNTAIN,,,0,0,,,,0,0
LOOKOUT VALLEY,,,0,0,,,,0,0
LUPTON CITY,,,,,0,0,0,,
MEADOWVIEW,,,,,0,0,0,,
MIDDLE VALLEY,,,,,0,0,0,,
MISSIONARY RIDGE,0,0,0,0,,,,0,0
MOUNTAIN CREEK A,,,,,0,0,0,,
MOUNTAIN CREEK B,,,,,0,0,0,,
,"REP Tennessee House of Representatives, District 30 District 30",,"REP State Executive Committeeman, District 10 District 10",,"REP State Executive Committeeman, District 11 District 11",,,"REP State Executive Committeewoman, District 10 District 10",
,VOTE FOR 1,,VOTE FOR 1,,VOTE FOR 1,,,VOTE FOR 1,
,0 of 25 Precincts Reporting,,0 of 35 Precincts Reporting,,0 of 57 Precincts Reporting,,,0 of 35 Precincts Reporting,
,Esther Helton Haynes,Write-in Totals,Kenneth J (Ken) Meyer,Write-in Totals,Derek Greene,David G. Queen,Write-in Totals,Emily Goldberg,Write-in Totals
MOUNTAIN CREEK C,,,0,0,,,,0,0
MOWBRAY A,,,,,0,0,0,,
MOWBRAY B,,,,,0,0,0,,
MURRAY HILLS,,,,,0,0,0,,
NORTH CHATTANOOGA A,,,,,0,0,0,,
NORTH CHATTANOOGA B,,,0,0,,,,0,0
NORTHGATE,,,,,0,0,0,,
NORTHSHORE,,,,,0,0,0,,
NORTHWOODS,,,,,0,0,0,,
OOLTEWAH,0,0,,,0,0,0,,
OOLTEWAH GEORGETOWN,,,,,0,0,0,,
OOLTEWAH RINGGOLD,0,0,0,0,,,,0,0
PLEASANT GROVE A,,,,,0,0,0,,
PLEASANT GROVE B,,,,,0,0,0,,
POSSUM CREEK,,,,,0,0,0,,
RED BANK A,,,0,0,,,,0,0
RED BANK B,,,,,0,0,0,,
RED BANK C,,,,,0,0,0,,
RIDGEDALE,,,0,0,,,,0,0
RIDGESIDE,0,0,,,0,0,0,,
RIVERVIEW,,,,,0,0,0,,
SALE CREEK,,,,,0,0,0,,
SAVANNAH BAY,,,,,0,0,0,,
SEQUOYAH,,,,,0,0,0,,
SIGNAL MOUNTAIN A,,,,,0,0,0,,
SIGNAL MOUNTAIN B,,,,,0,0,0,,
,"REP Tennessee House of Representatives, District 30 District 30",,"REP State Executive Committeeman, District 10 District 10",,"REP State Executive Committeeman, District 11 District 11",,,"REP State Executive Committeewoman, District 10 District 10",
,VOTE FOR 1,,VOTE FOR 1,,VOTE FOR 1,,,VOTE FOR 1,
,0 of 25 Precincts Reporting,,0 of 35 Precincts Reporting,,0 of 57 Precincts Reporting,,,0 of 35 Precincts Reporting,
,Esther Helton Haynes,Write-in Totals,Kenneth J (Ken) Meyer,Write-in Totals,Derek Greene,David G. Queen,Write-in Totals,Emily Goldberg,Write-in Totals
SILVERDALE,0,0,0,0,,,,0,0
SODDY DAISY A,,,,,0,0,0,,
SODDY DAISY B,,,,,0,0,0,,
SODDY DAISY C,,,,,0,0,0,,
ST ELMO,,,0,0,,,,0,0
STUART HEIGHTS,,,,,0,0,0,,
SUMMIT,,,,,0,0,0,,
TYNER,,,0,0,,,,0,0
VALLEYBROOK,,,,,0,0,0,,
WALDEN,,,,,0,0,0,,
WESTVIEW A,0,0,0,0,,,,0,0
WESTVIEW B,0,0,0,0,,,,0,0
WOLFTEVER,,,,,0,0,0,,
WOODMORE,,,0,0,,,,0,0
Totals,0,0,0,0,0,0,0,0,0
,"REP State Executive Committeewoman, District 11 District 11",,,DEM Governor,,,,,
,VOTE FOR 1,,,VOTE FOR 1,,,,,
,0 of 57 Precincts Reporting,,,0 of 93 Precincts Reporting,,,,,
,Jane Armstrong,Tina J. Benkiser,Write-in Totals,Carnita Atwater,Tim Cyr,Jerri Green,"Adam ""Ditch"" Kurtz",Kevin Lee McCants,Write-in Totals
AIRPORT A,0,0,0,0,0,0,0,0,0
AIRPORT B,,,,0,0,0,0,0,0
ALTON PARK,,,,0,0,0,0,0,0
APISON A,,,,0,0,0,0,0,0
APISON B,,,,0,0,0,0,0,0
AVONDALE,0,0,0,0,0,0,0,0,0
BIRCHWOOD,0,0,0,0,0,0,0,0,0
BONNY OAKS,0,0,0,0,0,0,0,0,0
BRAINERD,,,,0,0,0,0,0,0
BRAINERD HILLS,,,,0,0,0,0,0,0
BUSHTOWN,0,0,0,0,0,0,0,0,0
COLLEGEDALE A,0,0,0,0,0,0,0,0,0
COLLEGEDALE B,,,,0,0,0,0,0,0
CONCORD A,,,,0,0,0,0,0,0
CONCORD B,,,,0,0,0,0,0,0
COURTHOUSE,,,,0,0,0,0,0,0
DALEWOOD,0,0,0,0,0,0,0,0,0
DALLAS,0,0,0,0,0,0,0,0,0
DOWNTOWN,,,,0,0,0,0,0,0
DUPONT,0,0,0,0,0,0,0,0,0
EAST BRAINERD A,,,,0,0,0,0,0,0
EAST BRAINERD B,,,,0,0,0,0,0,0
EAST CHATTANOOGA,0,0,0,0,0,0,0,0,0
EAST LAKE,,,,0,0,0,0,0,0
EAST RIDGE A,,,,0,0,0,0,0,0
EAST RIDGE B,,,,0,0,0,0,0,0
EAST RIDGE C,,,,0,0,0,0,0,0
EAST RIDGE D,,,,0,0,0,0,0,0
EASTGATE,,,,0,0,0,0,0,0
,"REP State Executive Committeewoman, District 11 District 11",,,DEM Governor,,,,,
,VOTE FOR 1,,,VOTE FOR 1,,,,,
,0 of 57 Precincts Reporting,,,0 of 93 Precincts Reporting,,,,,
,Jane Armstrong,Tina J. Benkiser,Write-in Totals,Carnita Atwater,Tim Cyr,Jerri Green,"Adam ""Ditch"" Kurtz",Kevin Lee McCants,Write-in Totals
EASTSIDE,,,,0,0,0,0,0,0
FAIRMOUNT,0,0,0,0,0,0,0,0,0
FALLING WATER A,0,0,0,0,0,0,0,0,0
FALLING WATER B,0,0,0,0,0,0,0,0,0
FLAT TOP MOUNTAIN,0,0,0,0,0,0,0,0,0
GANNS,0,0,0,0,0,0,0,0,0
GLENWOOD,0,0,0,0,0,0,0,0,0
HARRISON,0,0,0,0,0,0,0,0,0
HARRISON BAY,0,0,0,0,0,0,0,0,0
HIXSON,0,0,0,0,0,0,0,0,0
HUNTER,0,0,0,0,0,0,0,0,0
HURRICANE CREEK,,,,0,0,0,0,0,0
KINGSPOINT,0,0,0,0,0,0,0,0,0
LAKE HILLS,0,0,0,0,0,0,0,0,0
LAKESITE,0,0,0,0,0,0,0,0,0
LOOKOUT MOUNTAIN,,,,0,0,0,0,0,0
LOOKOUT VALLEY,,,,0,0,0,0,0,0
LUPTON CITY,0,0,0,0,0,0,0,0,0
MEADOWVIEW,0,0,0,0,0,0,0,0,0
MIDDLE VALLEY,0,0,0,0,0,0,0,0,0
MISSIONARY RIDGE,,,,0,0,0,0,0,0
MOUNTAIN CREEK A,0,0,0,0,0,0,0,0,0
MOUNTAIN CREEK B,0,0,0,0,0,0,0,0,0
MOUNTAIN CREEK C,,,,0,0,0,0,0,0
MOWBRAY A,0,0,0,0,0,0,0,0,0
MOWBRAY B,0,0,0,0,0,0,0,0,0
MURRAY HILLS,0,0,0,0,0,0,0,0,0
NORTH CHATTANOOGA A,0,0,0,0,0,0,0,0,0
NORTH CHATTANOOGA B,,,,0,0,0,0,0,0
,"REP State Executive Committeewoman, District 11 District 11",,,DEM Governor,,,,,
,VOTE FOR 1,,,VOTE FOR 1,,,,,
,0 of 57 Precincts Reporting,,,0 of 93 Precincts Reporting,,,,,
,Jane Armstrong,Tina J. Benkiser,Write-in Totals,Carnita Atwater,Tim Cyr,Jerri Green,"Adam ""Ditch"" Kurtz",Kevin Lee McCants,Write-in Totals
NORTHGATE,0,0,0,0,0,0,0,0,0
NORTHSHORE,0,0,0,0,0,0,0,0,0
NORTHWOODS,0,0,0,0,0,0,0,0,0
OOLTEWAH,0,0,0,0,0,0,0,0,0
OOLTEWAH GEORGETOWN,0,0,0,0,0,0,0,0,0
OOLTEWAH RINGGOLD,,,,0,0,0,0,0,0
PLEASANT GROVE A,0,0,0,0,0,0,0,0,0
PLEASANT GROVE B,0,0,0,0,0,0,0,0,0
POSSUM CREEK,0,0,0,0,0,0,0,0,0
RED BANK A,,,,0,0,0,0,0,0
RED BANK B,0,0,0,0,0,0,0,0,0
RED BANK C,0,0,0,0,0,0,0,0,0
RIDGEDALE,,,,0,0,0,0,0,0
RIDGESIDE,0,0,0,0,0,0,0,0,0
RIVERVIEW,0,0,0,0,0,0,0,0,0
SALE CREEK,0,0,0,0,0,0,0,0,0
SAVANNAH BAY,0,0,0,0,0,0,0,0,0
SEQUOYAH,0,0,0,0,0,0,0,0,0
SIGNAL MOUNTAIN A,0,0,0,0,0,0,0,0,0
SIGNAL MOUNTAIN B,0,0,0,0,0,0,0,0,0
SILVERDALE,,,,0,0,0,0,0,0
SODDY DAISY A,0,0,0,0,0,0,0,0,0
SODDY DAISY B,0,0,0,0,0,0,0,0,0
SODDY DAISY C,0,0,0,0,0,0,0,0,0
ST ELMO,,,,0,0,0,0,0,0
STUART HEIGHTS,0,0,0,0,0,0,0,0,0
SUMMIT,0,0,0,0,0,0,0,0,0
TYNER,,,,0,0,0,0,0,0
VALLEYBROOK,0,0,0,0,0,0,0,0,0
,"REP State Executive Committeewoman, District 11 District 11",,,DEM Governor,,,,,
,VOTE FOR 1,,,VOTE FOR 1,,,,,
,0 of 57 Precincts Reporting,,,0 of 93 Precincts Reporting,,,,,
,Jane Armstrong,Tina J. Benkiser,Write-in Totals,Carnita Atwater,Tim Cyr,Jerri Green,"Adam ""Ditch"" Kurtz",Kevin Lee McCants,Write-in Totals
WALDEN,0,0,0,0,0,0,0,0,0
WESTVIEW A,,,,0,0,0,0,0,0
WESTVIEW B,,,,0,0,0,0,0,0
WOLFTEVER,0,0,0,0,0,0,0,0,0
WOODMORE,,,,0,0,0,0,0,0
Collegedale Property Rights,,,,0,0,0,0,0,0
Totals,0,0,0,0,0,0,0,0,0
,DEM United States Senate,,,,,,"DEM United States House of Representatives, District 3",,,"DEM Tennessee Senate, District 11 District 11",
,VOTE FOR 1,,,,,,VOTE FOR 1,,,VOTE FOR 1,
,0 of 93 Precincts Reporting,,,,,,0 of 93 Precincts Reporting,,,0 of 57 Precincts Reporting,
,Marquita Bradshaw,Maria Brewer,Kevin Lee McCants,Civil Miller-Watkins,Diana Onyejiaka,Write-in Totals,Anna Golladay,Bryan Martin,Write-in Totals,Tim Roberts,Write-in Totals
AIRPORT A,0,0,0,0,0,0,0,0,0,0,0
AIRPORT B,0,0,0,0,0,0,0,0,0,,
ALTON PARK,0,0,0,0,0,0,0,0,0,,
APISON A,0,0,0,0,0,0,0,0,0,,
APISON B,0,0,0,0,0,0,0,0,0,,
AVONDALE,0,0,0,0,0,0,0,0,0,0,0
BIRCHWOOD,0,0,0,0,0,0,0,0,0,0,0
BONNY OAKS,0,0,0,0,0,0,0,0,0,0,0
BRAINERD,0,0,0,0,0,0,0,0,0,,
BRAINERD HILLS,0,0,0,0,0,0,0,0,0,,
BUSHTOWN,0,0,0,0,0,0,0,0,0,0,0
COLLEGEDALE A,0,0,0,0,0,0,0,0,0,0,0
COLLEGEDALE B,0,0,0,0,0,0,0,0,0,,
CONCORD A,0,0,0,0,0,0,0,0,0,,
CONCORD B,0,0,0,0,0,0,0,0,0,,
COURTHOUSE,0,0,0,0,0,0,0,0,0,,
DALEWOOD,0,0,0,0,0,0,0,0,0,0,0
DALLAS,0,0,0,0,0,0,0,0,0,0,0
DOWNTOWN,0,0,0,0,0,0,0,0,0,,
DUPONT,0,0,0,0,0,0,0,0,0,0,0
EAST BRAINERD A,0,0,0,0,0,0,0,0,0,,
EAST BRAINERD B,0,0,0,0,0,0,0,0,0,,
EAST CHATTANOOGA,0,0,0,0,0,0,0,0,0,0,0
EAST LAKE,0,0,0,0,0,0,0,0,0,,
EAST RIDGE A,0,0,0,0,0,0,0,0,0,,
EAST RIDGE B,0,0,0,0,0,0,0,0,0,,
EAST RIDGE C,0,0,0,0,0,0,0,0,0,,
EAST RIDGE D,0,0,0,0,0,0,0,0,0,,
,DEM United States Senate,,,,,,"DEM United States House of Representatives, District 3",,,"DEM Tennessee Senate, District 11 District 11",
,VOTE FOR 1,,,,,,VOTE FOR 1,,,VOTE FOR 1,
,0 of 93 Precincts Reporting,,,,,,0 of 93 Precincts Reporting,,,0 of 57 Precincts Reporting,
,Marquita Bradshaw,Maria Brewer,Kevin Lee McCants,Civil Miller-Watkins,Diana Onyejiaka,Write-in Totals,Anna Golladay,Bryan Martin,Write-in Totals,Tim Roberts,Write-in Totals
EASTGATE,0,0,0,0,0,0,0,0,0,,
EASTSIDE,0,0,0,0,0,0,0,0,0,,
FAIRMOUNT,0,0,0,0,0,0,0,0,0,0,0
FALLING WATER A,0,0,0,0,0,0,0,0,0,0,0
FALLING WATER B,0,0,0,0,0,0,0,0,0,0,0
FLAT TOP MOUNTAIN,0,0,0,0,0,0,0,0,0,0,0
GANNS,0,0,0,0,0,0,0,0,0,0,0
GLENWOOD,0,0,0,0,0,0,0,0,0,0,0
HARRISON,0,0,0,0,0,0,0,0,0,0,0
HARRISON BAY,0,0,0,0,0,0,0,0,0,0,0
HIXSON,0,0,0,0,0,0,0,0,0,0,0
HUNTER,0,0,0,0,0,0,0,0,0,0,0
HURRICANE CREEK,0,0,0,0,0,0,0,0,0,,
KINGSPOINT,0,0,0,0,0,0,0,0,0,0,0
LAKE HILLS,0,0,0,0,0,0,0,0,0,0,0
LAKESITE,0,0,0,0,0,0,0,0,0,0,0
LOOKOUT MOUNTAIN,0,0,0,0,0,0,0,0,0,,
LOOKOUT VALLEY,0,0,0,0,0,0,0,0,0,,
LUPTON CITY,0,0,0,0,0,0,0,0,0,0,0
MEADOWVIEW,0,0,0,0,0,0,0,0,0,0,0
MIDDLE VALLEY,0,0,0,0,0,0,0,0,0,0,0
MISSIONARY RIDGE,0,0,0,0,0,0,0,0,0,,
MOUNTAIN CREEK A,0,0,0,0,0,0,0,0,0,0,0
MOUNTAIN CREEK B,0,0,0,0,0,0,0,0,0,0,0
MOUNTAIN CREEK C,0,0,0,0,0,0,0,0,0,,
MOWBRAY A,0,0,0,0,0,0,0,0,0,0,0
MOWBRAY B,0,0,0,0,0,0,0,0,0,0,0
MURRAY HILLS,0,0,0,0,0,0,0,0,0,0,0
,DEM United States Senate,,,,,,"DEM United States House of Representatives, District 3",,,"DEM Tennessee Senate, District 11 District 11",
,VOTE FOR 1,,,,,,VOTE FOR 1,,,VOTE FOR 1,
,0 of 93 Precincts Reporting,,,,,,0 of 93 Precincts Reporting,,,0 of 57 Precincts Reporting,
,Marquita Bradshaw,Maria Brewer,Kevin Lee McCants,Civil Miller-Watkins,Diana Onyejiaka,Write-in Totals,Anna Golladay,Bryan Martin,Write-in Totals,Tim Roberts,Write-in Totals
NORTH CHATTANOOGA A,0,0,0,0,0,0,0,0,0,0,0
NORTH CHATTANOOGA B,0,0,0,0,0,0,0,0,0,,
NORTHGATE,0,0,0,0,0,0,0,0,0,0,0
NORTHSHORE,0,0,0,0,0,0,0,0,0,0,0
NORTHWOODS,0,0,0,0,0,0,0,0,0,0,0
OOLTEWAH,0,0,0,0,0,0,0,0,0,0,0
OOLTEWAH GEORGETOWN,0,0,0,0,0,0,0,0,0,0,0
OOLTEWAH RINGGOLD,0,0,0,0,0,0,0,0,0,,
PLEASANT GROVE A,0,0,0,0,0,0,0,0,0,0,0
PLEASANT GROVE B,0,0,0,0,0,0,0,0,0,0,0
POSSUM CREEK,0,0,0,0,0,0,0,0,0,0,0
RED BANK A,0,0,0,0,0,0,0,0,0,,
RED BANK B,0,0,0,0,0,0,0,0,0,0,0
RED BANK C,0,0,0,0,0,0,0,0,0,0,0
RIDGEDALE,0,0,0,0,0,0,0,0,0,,
RIDGESIDE,0,0,0,0,0,0,0,0,0,0,0
RIVERVIEW,0,0,0,0,0,0,0,0,0,0,0
SALE CREEK,0,0,0,0,0,0,0,0,0,0,0
SAVANNAH BAY,0,0,0,0,0,0,0,0,0,0,0
SEQUOYAH,0,0,0,0,0,0,0,0,0,0,0
SIGNAL MOUNTAIN A,0,0,0,0,0,0,0,0,0,0,0
SIGNAL MOUNTAIN B,0,0,0,0,0,0,0,0,0,0,0
SILVERDALE,0,0,0,0,0,0,0,0,0,,
SODDY DAISY A,0,0,0,0,0,0,0,0,0,0,0
SODDY DAISY B,0,0,0,0,0,0,0,0,0,0,0
SODDY DAISY C,0,0,0,0,0,0,0,0,0,0,0
ST ELMO,0,0,0,0,0,0,0,0,0,,
STUART HEIGHTS,0,0,0,0,0,0,0,0,0,0,0
,DEM United States Senate,,,,,,"DEM United States House of Representatives, District 3",,,"DEM Tennessee Senate, District 11 District 11",
,VOTE FOR 1,,,,,,VOTE FOR 1,,,VOTE FOR 1,
,0 of 93 Precincts Reporting,,,,,,0 of 93 Precincts Reporting,,,0 of 57 Precincts Reporting,
,Marquita Bradshaw,Maria Brewer,Kevin Lee McCants,Civil Miller-Watkins,Diana Onyejiaka,Write-in Totals,Anna Golladay,Bryan Martin,Write-in Totals,Tim Roberts,Write-in Totals
SUMMIT,0,0,0,0,0,0,0,0,0,0,0
TYNER,0,0,0,0,0,0,0,0,0,,
VALLEYBROOK,0,0,0,0,0,0,0,0,0,0,0
WALDEN,0,0,0,0,0,0,0,0,0,0,0
WESTVIEW A,0,0,0,0,0,0,0,0,0,,
WESTVIEW B,0,0,0,0,0,0,0,0,0,,
WOLFTEVER,0,0,0,0,0,0,0,0,0,0,0
WOODMORE,0,0,0,0,0,0,0,0,0,,
Collegedale Property Rights,0,0,0,0,0,0,0,0,0,,
Totals,0,0,0,0,0,0,0,0,0,0,0
,"DEM Tennessee House of Representatives, District 26 District 26",,,"DEM Tennessee House of Representatives, District 27 District 27",,"DEM Tennessee House of Representatives, District 28 District 28",,"DEM Tennessee House of Representatives, District 29 District 29",
,VOTE FOR 1,,,VOTE FOR 1,,VOTE FOR 1,,VOTE FOR 1,
,0 of 31 Precincts Reporting,,,0 of 33 Precincts Reporting,,0 of 27 Precincts Reporting,,0 of 21 Precincts Reporting,
,Nathan B. Denton,Lucian LaFae,Write-in Totals,Paige Quirin,Write-in Totals,Yusuf A. Hakeem,Write-in Totals,Ryan V. Scofield,Write-in Totals
AIRPORT A,,,,,,0,0,0,0
AIRPORT B,,,,,,0,0,0,0
ALTON PARK,,,,,,0,0,,
APISON B,,,,,,,,0,0
AVONDALE,0,0,0,,,0,0,,
BIRCHWOOD,,,,,,,,0,0
BONNY OAKS,0,0,0,,,0,0,0,0
BRAINERD,,,,,,0,0,,
BRAINERD HILLS,,,,,,0,0,0,0
BUSHTOWN,0,0,0,,,0,0,,
COLLEGEDALE A,,,,,,,,0,0
COLLEGEDALE B,,,,,,,,0,0
CONCORD B,,,,,,,,0,0
COURTHOUSE,0,0,0,,,0,0,,
DALEWOOD,,,,,,0,0,,
DALLAS,0,0,0,0,0,,,,
DOWNTOWN,0,0,0,0,0,0,0,,
DUPONT,0,0,0,,,,,,
EAST BRAINERD B,,,,,,,,0,0
EAST CHATTANOOGA,,,,,,0,0,,
EAST LAKE,,,,,,0,0,,
EASTGATE,,,,,,0,0,,
EASTSIDE,0,0,0,,,0,0,,
FAIRMOUNT,,,,0,0,,,,
FALLING WATER A,0,0,0,0,0,,,,
FALLING WATER B,,,,0,0,,,,
,"DEM Tennessee House of Representatives, District 26 District 26",,,"DEM Tennessee House of Representatives, District 27 District 27",,"DEM Tennessee House of Representatives, District 28 District 28",,"DEM Tennessee House of Representatives, District 29 District 29",
,VOTE FOR 1,,,VOTE FOR 1,,VOTE FOR 1,,VOTE FOR 1,
,0 of 31 Precincts Reporting,,,0 of 33 Precincts Reporting,,0 of 27 Precincts Reporting,,0 of 21 Precincts Reporting,
,Nathan B. Denton,Lucian LaFae,Write-in Totals,Paige Quirin,Write-in Totals,Yusuf A. Hakeem,Write-in Totals,Ryan V. Scofield,Write-in Totals
FLAT TOP MOUNTAIN,,,,0,0,,,,
GANNS,0,0,0,,,,,,
GLENWOOD,,,,,,0,0,,
HARRISON,0,0,0,,,0,0,,
HARRISON BAY,,,,,,,,0,0
HIXSON,0,0,0,0,0,,,,
HUNTER,,,,,,,,0,0
KINGSPOINT,,,,,,0,0,,
LAKE HILLS,,,,,,0,0,,
LAKESITE,0,0,0,,,,,,
LOOKOUT MOUNTAIN,,,,0,0,,,,
LOOKOUT VALLEY,,,,0,0,,,,
LUPTON CITY,0,0,0,0,0,,,,
MEADOWVIEW,,,,,,,,0,0
MIDDLE VALLEY,0,0,0,,,,,,
MOUNTAIN CREEK A,,,,0,0,,,,
MOUNTAIN CREEK B,,,,0,0,,,,
MOUNTAIN CREEK C,,,,0,0,0,0,,
MOWBRAY A,,,,0,0,,,,
MOWBRAY B,,,,0,0,,,,
MURRAY HILLS,,,,,,0,0,,
NORTH CHATTANOOGA A,,,,0,0,0,0,,
NORTH CHATTANOOGA B,,,,,,0,0,,
NORTHGATE,0,0,0,,,,,,
NORTHSHORE,0,0,0,0,0,0,0,,
NORTHWOODS,,,,0,0,,,,
,"DEM Tennessee House of Representatives, District 26 District 26",,,"DEM Tennessee House of Representatives, District 27 District 27",,"DEM Tennessee House of Representatives, District 28 District 28",,"DEM Tennessee House of Representatives, District 29 District 29",
,VOTE FOR 1,,,VOTE FOR 1,,VOTE FOR 1,,VOTE FOR 1,
,0 of 31 Precincts Reporting,,,0 of 33 Precincts Reporting,,0 of 27 Precincts Reporting,,0 of 21 Precincts Reporting,
,Nathan B. Denton,Lucian LaFae,Write-in Totals,Paige Quirin,Write-in Totals,Yusuf A. Hakeem,Write-in Totals,Ryan V. Scofield,Write-in Totals
OOLTEWAH,,,,,,,,0,0
OOLTEWAH GEORGETOWN,,,,,,,,0,0
OOLTEWAH RINGGOLD,,,,,,,,0,0
PLEASANT GROVE A,0,0,0,0,0,,,,
PLEASANT GROVE B,0,0,0,,,,,,
POSSUM CREEK,0,0,0,0,0,,,,
RED BANK A,0,0,0,0,0,,,,
RED BANK B,,,,0,0,,,,
RED BANK C,0,0,0,0,0,,,,
RIDGEDALE,,,,,,0,0,,
RIVERVIEW,0,0,0,,,,,,
SALE CREEK,0,0,0,0,0,,,,
SAVANNAH BAY,,,,,,,,0,0
SEQUOYAH,0,0,0,0,0,,,,
SIGNAL MOUNTAIN A,,,,0,0,,,,
SIGNAL MOUNTAIN B,,,,0,0,,,,
SILVERDALE,,,,,,,,0,0
SODDY DAISY A,0,0,0,0,0,,,,
SODDY DAISY B,0,0,0,0,0,,,,
SODDY DAISY C,0,0,0,0,0,,,,
ST ELMO,,,,0,0,0,0,,
STUART HEIGHTS,0,0,0,0,0,,,,
SUMMIT,,,,,,,,0,0
TYNER,,,,,,,,0,0
VALLEYBROOK,0,0,0,,,,,,
WALDEN,,,,0,0,,,,
,"DEM Tennessee House of Representatives, District 26 District 26",,,"DEM Tennessee House of Representatives, District 27 District 27",,"DEM Tennessee House of Representatives, District 28 District 28",,"DEM Tennessee House of Representatives, District 29 District 29",
,VOTE FOR 1,,,VOTE FOR 1,,VOTE FOR 1,,VOTE FOR 1,
,0 of 31 Precincts Reporting,,,0 of 33 Precincts Reporting,,0 of 27 Precincts Reporting,,0 of 21 Precincts Reporting,
,Nathan B. Denton,Lucian LaFae,Write-in Totals,Paige Quirin,Write-in Totals,Yusuf A. Hakeem,Write-in Totals,Ryan V. Scofield,Write-in Totals
WOLFTEVER,0,0,0,,,,,0,0
WOODMORE,,,,,,0,0,,
Totals,0,0,0,0,0,0,0,0,0
,"DEM Tennessee House of Representatives, District 30 District 30",,"DEM State Executive Committeeman, District 10 District 10",,"DEM State Executive Committeeman, District 11 District 11",,,"DEM State Executive Committeewoman, District 10 District 10",
,VOTE FOR 1,,VOTE FOR 1,,VOTE FOR 1,,,VOTE FOR 1,
,0 of 25 Precincts Reporting,,0 of 35 Precincts Reporting,,0 of 57 Precincts Reporting,,,0 of 35 Precincts Reporting,
,Art Rymer,Write-in Totals,Chris Anderson,Write-in Totals,Tahcere Alexander,Ryan V. Scofield,Write-in Totals,Heather McClendon,Write-in Totals
AIRPORT A,,,,,0,0,0,,
AIRPORT B,,,0,0,,,,0,0
ALTON PARK,0,0,0,0,,,,0,0
APISON A,0,0,0,0,,,,0,0
APISON B,0,0,0,0,,,,0,0
AVONDALE,,,,,0,0,0,,
BIRCHWOOD,,,,,0,0,0,,
BONNY OAKS,,,,,0,0,0,,
BRAINERD,0,0,0,0,,,,0,0
BRAINERD HILLS,0,0,0,0,,,,0,0
BUSHTOWN,,,,,0,0,0,,
COLLEGEDALE A,,,,,0,0,0,,
COLLEGEDALE B,,,0,0,,,,0,0
CONCORD A,0,0,0,0,,,,0,0
CONCORD B,0,0,0,0,,,,0,0
COURTHOUSE,,,0,0,,,,0,0
DALEWOOD,0,0,,,0,0,0,,
DALLAS,,,,,0,0,0,,
DOWNTOWN,,,0,0,,,,0,0
DUPONT,,,,,0,0,0,,
EAST BRAINERD A,0,0,0,0,,,,0,0
EAST BRAINERD B,0,0,0,0,,,,0,0
EAST CHATTANOOGA,,,,,0,0,0,,
EAST LAKE,0,0,0,0,,,,0,0
EAST RIDGE A,0,0,0,0,,,,0,0
EAST RIDGE B,0,0,0,0,,,,0,0
,"DEM Tennessee House of Representatives, District 30 District 30",,"DEM State Executive Committeeman, District 10 District 10",,"DEM State Executive Committeeman, District 11 District 11",,,"DEM State Executive Committeewoman, District 10 District 10",
,VOTE FOR 1,,VOTE FOR 1,,VOTE FOR 1,,,VOTE FOR 1,
,0 of 25 Precincts Reporting,,0 of 35 Precincts Reporting,,0 of 57 Precincts Reporting,,,0 of 35 Precincts Reporting,
,Art Rymer,Write-in Totals,Chris Anderson,Write-in Totals,Tahcere Alexander,Ryan V. Scofield,Write-in Totals,Heather McClendon,Write-in Totals
EAST RIDGE C,0,0,0,0,,,,0,0
EAST RIDGE D,0,0,0,0,,,,0,0
EASTGATE,,,0,0,,,,0,0
EASTSIDE,0,0,0,0,,,,0,0
FAIRMOUNT,,,,,0,0,0,,
FALLING WATER A,,,,,0,0,0,,
FALLING WATER B,,,,,0,0,0,,
FLAT TOP MOUNTAIN,,,,,0,0,0,,
GANNS,,,,,0,0,0,,
GLENWOOD,0,0,,,0,0,0,,
HARRISON,,,,,0,0,0,,
HARRISON BAY,,,,,0,0,0,,
HIXSON,,,,,0,0,0,,
HUNTER,,,,,0,0,0,,
HURRICANE CREEK,0,0,0,0,,,,0,0
KINGSPOINT,,,,,0,0,0,,
LAKE HILLS,,,,,0,0,0,,
LAKESITE,,,,,0,0,0,,
LOOKOUT MOUNTAIN,,,0,0,,,,0,0
LOOKOUT VALLEY,,,0,0,,,,0,0
LUPTON CITY,,,,,0,0,0,,
MEADOWVIEW,,,,,0,0,0,,
MIDDLE VALLEY,,,,,0,0,0,,
MISSIONARY RIDGE,0,0,0,0,,,,0,0
MOUNTAIN CREEK A,,,,,0,0,0,,
MOUNTAIN CREEK B,,,,,0,0,0,,
,"DEM Tennessee House of Representatives, District 30 District 30",,"DEM State Executive Committeeman, District 10 District 10",,"DEM State Executive Committeeman, District 11 District 11",,,"DEM State Executive Committeewoman, District 10 District 10",
,VOTE FOR 1,,VOTE FOR 1,,VOTE FOR 1,,,VOTE FOR 1,
,0 of 25 Precincts Reporting,,0 of 35 Precincts Reporting,,0 of 57 Precincts Reporting,,,0 of 35 Precincts Reporting,
,Art Rymer,Write-in Totals,Chris Anderson,Write-in Totals,Tahcere Alexander,Ryan V. Scofield,Write-in Totals,Heather McClendon,Write-in Totals
MOUNTAIN CREEK C,,,0,0,,,,0,0
MOWBRAY A,,,,,0,0,0,,
MOWBRAY B,,,,,0,0,0,,
MURRAY HILLS,,,,,0,0,0,,
NORTH CHATTANOOGA A,,,,,0,0,0,,
NORTH CHATTANOOGA B,,,0,0,,,,0,0
NORTHGATE,,,,,0,0,0,,
NORTHSHORE,,,,,0,0,0,,
NORTHWOODS,,,,,0,0,0,,
OOLTEWAH,0,0,,,0,0,0,,
OOLTEWAH GEORGETOWN,,,,,0,0,0,,
OOLTEWAH RINGGOLD,0,0,0,0,,,,0,0
PLEASANT GROVE A,,,,,0,0,0,,
PLEASANT GROVE B,,,,,0,0,0,,
POSSUM CREEK,,,,,0,0,0,,
RED BANK A,,,0,0,,,,0,0
RED BANK B,,,,,0,0,0,,
RED BANK C,,,,,0,0,0,,
RIDGEDALE,,,0,0,,,,0,0
RIDGESIDE,0,0,,,0,0,0,,
RIVERVIEW,,,,,0,0,0,,
SALE CREEK,,,,,0,0,0,,
SAVANNAH BAY,,,,,0,0,0,,
SEQUOYAH,,,,,0,0,0,,
SIGNAL MOUNTAIN A,,,,,0,0,0,,
SIGNAL MOUNTAIN B,,,,,0,0,0,,
,"DEM Tennessee House of Representatives, District 30 District 30",,"DEM State Executive Committeeman, District 10 District 10",,"DEM State Executive Committeeman, District 11 District 11",,,"DEM State Executive Committeewoman, District 10 District 10",
,VOTE FOR 1,,VOTE FOR 1,,VOTE FOR 1,,,VOTE FOR 1,
,0 of 25 Precincts Reporting,,0 of 35 Precincts Reporting,,0 of 57 Precincts Reporting,,,0 of 35 Precincts Reporting,
,Art Rymer,Write-in Totals,Chris Anderson,Write-in Totals,Tahcere Alexander,Ryan V. Scofield,Write-in Totals,Heather McClendon,Write-in Totals
SILVERDALE,0,0,0,0,,,,0,0
SODDY DAISY A,,,,,0,0,0,,
SODDY DAISY B,,,,,0,0,0,,
SODDY DAISY C,,,,,0,0,0,,
ST ELMO,,,0,0,,,,0,0
STUART HEIGHTS,,,,,0,0,0,,
SUMMIT,,,,,0,0,0,,
TYNER,,,0,0,,,,0,0
VALLEYBROOK,,,,,0,0,0,,
WALDEN,,,,,0,0,0,,
WESTVIEW A,0,0,0,0,,,,0,0
WESTVIEW B,0,0,0,0,,,,0,0
WOLFTEVER,,,,,0,0,0,,
WOODMORE,,,0,0,,,,0,0
Totals,0,0,0,0,0,0,0,0,0
,"DEM State Executive Committeewoman, District 11 District 11",,"Circuit Court Judge, Div. 2",,County Mayor,,,"County Commission, District 1 District 1",,
,VOTE FOR 1,,VOTE FOR 1,,VOTE FOR 1,,,VOTE FOR 1,,
,0 of 57 Precincts Reporting,,0 of 93 Precincts Reporting,,0 of 93 Precincts Reporting,,,0 of 11 Precincts Reporting,,
,Lisa Crowder,Write-in Totals,REP Jennifer K. Peck,Write-in Totals,REP Weston Wamp,DEM Mark Herndon,Write-in Totals,REP Gene-o Shipley,DEM Mona Petro,Write-in Totals
AIRPORT A,0,0,0,0,0,0,0,,,
AIRPORT B,,,0,0,0,0,0,,,
ALTON PARK,,,0,0,0,0,0,,,
APISON A,,,0,0,0,0,0,,,
APISON B,,,0,0,0,0,0,,,
AVONDALE,0,0,0,0,0,0,0,,,
BIRCHWOOD,0,0,0,0,0,0,0,,,
BONNY OAKS,0,0,0,0,0,0,0,,,
BRAINERD,,,0,0,0,0,0,,,
BRAINERD HILLS,,,0,0,0,0,0,,,
BUSHTOWN,0,0,0,0,0,0,0,,,
COLLEGEDALE A,0,0,0,0,0,0,0,,,
COLLEGEDALE B,,,0,0,0,0,0,,,
CONCORD A,,,0,0,0,0,0,,,
CONCORD B,,,0,0,0,0,0,,,
COURTHOUSE,,,0,0,0,0,0,,,
DALEWOOD,0,0,0,0,0,0,0,,,
DALLAS,0,0,0,0,0,0,0,0,0,0
DOWNTOWN,,,0,0,0,0,0,,,
DUPONT,0,0,0,0,0,0,0,,,
EAST BRAINERD A,,,0,0,0,0,0,,,
EAST BRAINERD B,,,0,0,0,0,0,,,
EAST CHATTANOOGA,0,0,0,0,0,0,0,,,
EAST LAKE,,,0,0,0,0,0,,,
EAST RIDGE A,,,0,0,0,0,0,,,
EAST RIDGE B,,,0,0,0,0,0,,,
EAST RIDGE C,,,0,0,0,0,0,,,
,"DEM State Executive Committeewoman, District 11 District 11",,"Circuit Court Judge, Div. 2",,County Mayor,,,"County Commission, District 1 District 1",,
,VOTE FOR 1,,VOTE FOR 1,,VOTE FOR 1,,,VOTE FOR 1,,
,0 of 57 Precincts Reporting,,0 of 93 Precincts Reporting,,0 of 93 Precincts Reporting,,,0 of 11 Precincts Reporting,,
,Lisa Crowder,Write-in Totals,REP Jennifer K. Peck,Write-in Totals,REP Weston Wamp,DEM Mark Herndon,Write-in Totals,REP Gene-o Shipley,DEM Mona Petro,Write-in Totals
EAST RIDGE D,,,0,0,0,0,0,,,
EASTGATE,,,0,0,0,0,0,,,
EASTSIDE,,,0,0,0,0,0,,,
FAIRMOUNT,0,0,0,0,0,0,0,,,
FALLING WATER A,0,0,0,0,0,0,0,0,0,0
FALLING WATER B,0,0,0,0,0,0,0,,,
FLAT TOP MOUNTAIN,0,0,0,0,0,0,0,0,0,0
GANNS,0,0,0,0,0,0,0,,,
GLENWOOD,0,0,0,0,0,0,0,,,
HARRISON,0,0,0,0,0,0,0,,,
HARRISON BAY,0,0,0,0,0,0,0,,,
HIXSON,0,0,0,0,0,0,0,,,
HUNTER,0,0,0,0,0,0,0,,,
HURRICANE CREEK,,,0,0,0,0,0,,,
KINGSPOINT,0,0,0,0,0,0,0,,,
LAKE HILLS,0,0,0,0,0,0,0,,,
LAKESITE,0,0,0,0,0,0,0,,,
LOOKOUT MOUNTAIN,,,0,0,0,0,0,,,
LOOKOUT VALLEY,,,0,0,0,0,0,,,
LUPTON CITY,0,0,0,0,0,0,0,,,
MEADOWVIEW,0,0,0,0,0,0,0,,,
MIDDLE VALLEY,0,0,0,0,0,0,0,,,
MISSIONARY RIDGE,,,0,0,0,0,0,,,
MOUNTAIN CREEK A,0,0,0,0,0,0,0,,,
MOUNTAIN CREEK B,0,0,0,0,0,0,0,,,
MOUNTAIN CREEK C,,,0,0,0,0,0,,,
MOWBRAY A,0,0,0,0,0,0,0,,,
,"DEM State Executive Committeewoman, District 11 District 11",,"Circuit Court Judge, Div. 2",,County Mayor,,,"County Commission, District 1 District 1",,
,VOTE FOR 1,,VOTE FOR 1,,VOTE FOR 1,,,VOTE FOR 1,,
,0 of 57 Precincts Reporting,,0 of 93 Precincts Reporting,,0 of 93 Precincts Reporting,,,0 of 11 Precincts Reporting,,
,Lisa Crowder,Write-in Totals,REP Jennifer K. Peck,Write-in Totals,REP Weston Wamp,DEM Mark Herndon,Write-in Totals,REP Gene-o Shipley,DEM Mona Petro,Write-in Totals
MOWBRAY B,0,0,0,0,0,0,0,0,0,0
MURRAY HILLS,0,0,0,0,0,0,0,,,
NORTH CHATTANOOGA A,0,0,0,0,0,0,0,,,
NORTH CHATTANOOGA B,,,0,0,0,0,0,,,
NORTHGATE,0,0,0,0,0,0,0,,,
NORTHSHORE,0,0,0,0,0,0,0,,,
NORTHWOODS,0,0,0,0,0,0,0,,,
OOLTEWAH,0,0,0,0,0,0,0,,,
OOLTEWAH GEORGETOWN,0,0,0,0,0,0,0,,,
OOLTEWAH RINGGOLD,,,0,0,0,0,0,,,
PLEASANT GROVE A,0,0,0,0,0,0,0,,,
PLEASANT GROVE B,0,0,0,0,0,0,0,0,0,0
POSSUM CREEK,0,0,0,0,0,0,0,0,0,0
RED BANK A,,,0,0,0,0,0,,,
RED BANK B,0,0,0,0,0,0,0,,,
RED BANK C,0,0,0,0,0,0,0,,,
RIDGEDALE,,,0,0,0,0,0,,,
RIDGESIDE,0,0,0,0,0,0,0,,,
RIVERVIEW,0,0,0,0,0,0,0,,,
SALE CREEK,0,0,0,0,0,0,0,0,0,0
SAVANNAH BAY,0,0,0,0,0,0,0,,,
SEQUOYAH,0,0,0,0,0,0,0,0,0,0
SIGNAL MOUNTAIN A,0,0,0,0,0,0,0,,,
SIGNAL MOUNTAIN B,0,0,0,0,0,0,0,,,
SILVERDALE,,,0,0,0,0,0,,,
SODDY DAISY A,0,0,0,0,0,0,0,0,0,0
SODDY DAISY B,0,0,0,0,0,0,0,0,0,0
,"DEM State Executive Committeewoman, District 11 District 11",,"Circuit Court Judge, Div. 2",,County Mayor,,,"County Commission, District 1 District 1",,
,VOTE FOR 1,,VOTE FOR 1,,VOTE FOR 1,,,VOTE FOR 1,,
,0 of 57 Precincts Reporting,,0 of 93 Precincts Reporting,,0 of 93 Precincts Reporting,,,0 of 11 Precincts Reporting,,
,Lisa Crowder,Write-in Totals,REP Jennifer K. Peck,Write-in Totals,REP Weston Wamp,DEM Mark Herndon,Write-in Totals,REP Gene-o Shipley,DEM Mona Petro,Write-in Totals
SODDY DAISY C,0,0,0,0,0,0,0,0,0,0
ST ELMO,,,0,0,0,0,0,,,
STUART HEIGHTS,0,0,0,0,0,0,0,,,
SUMMIT,0,0,0,0,0,0,0,,,
TYNER,,,0,0,0,0,0,,,
VALLEYBROOK,0,0,0,0,0,0,0,,,
WALDEN,0,0,0,0,0,0,0,,,
WESTVIEW A,,,0,0,0,0,0,,,
WESTVIEW B,,,0,0,0,0,0,,,
WOLFTEVER,0,0,0,0,0,0,0,,,
WOODMORE,,,0,0,0,0,0,,,
Collegedale Property Rights,,,0,0,0,0,0,,,
Totals,0,0,0,0,0,0,0,0,0,0
,"County Commission, District 2 District 2",,,"County Commission, District 3 District 3",,"County Commission, District 4 District 4",,"County Commission, District 5 District 5",
,VOTE FOR 1,,,VOTE FOR 1,,VOTE FOR 1,,VOTE FOR 1,
,0 of 10 Precincts Reporting,,,0 of 8 Precincts Reporting,,0 of 8 Precincts Reporting,,0 of 11 Precincts Reporting,
,REP Chip Baker,DEM Amanda Sovago-Royal,Write-in Totals,REP Ken Smith,Write-in Totals,DEM Warren Mackey,Write-in Totals,DEM Katherlyn Geter,Write-in Totals
AIRPORT A,,,,,,,,0,0
AIRPORT B,,,,,,,,0,0
AVONDALE,,,,,,0,0,,
BONNY OAKS,,,,,,,,0,0
BRAINERD,,,,,,,,0,0
BUSHTOWN,,,,,,0,0,,
COURTHOUSE,,,,,,0,0,,
DALEWOOD,,,,,,,,0,0
DOWNTOWN,,,,,,0,0,,
DUPONT,,,,0,0,,,,
EAST CHATTANOOGA,,,,,,0,0,,
EASTGATE,,,,,,,,0,0
FAIRMOUNT,0,0,0,,,,,,
FALLING WATER B,0,0,0,,,,,,
GANNS,,,,0,0,,,,
GLENWOOD,,,,,,,,0,0
HIXSON,,,,0,0,,,,
KINGSPOINT,,,,,,0,0,,
LAKE HILLS,,,,,,,,0,0
LAKESITE,,,,0,0,,,,
MIDDLE VALLEY,,,,0,0,,,,
MOUNTAIN CREEK A,0,0,0,,,,,,
MOUNTAIN CREEK B,0,0,0,,,,,,
MOUNTAIN CREEK C,0,0,0,,,,,,
MOWBRAY A,0,0,0,,,,,,
MURRAY HILLS,,,,,,0,0,,
NORTHGATE,,,,0,0,,,,
NORTHWOODS,0,0,0,,,,,,
PLEASANT GROVE A,,,,0,0,,,,
,"County Commission, District 2 District 2",,,"County Commission, District 3 District 3",,"County Commission, District 4 District 4",,"County Commission, District 5 District 5",
,VOTE FOR 1,,,VOTE FOR 1,,VOTE FOR 1,,VOTE FOR 1,
,0 of 10 Precincts Reporting,,,0 of 8 Precincts Reporting,,0 of 8 Precincts Reporting,,0 of 11 Precincts Reporting,
,REP Chip Baker,DEM Amanda Sovago-Royal,Write-in Totals,REP Ken Smith,Write-in Totals,DEM Warren Mackey,Write-in Totals,DEM Katherlyn Geter,Write-in Totals
RIDGEDALE,,,,,,0,0,,
RIDGESIDE,,,,,,,,0,0
SIGNAL MOUNTAIN A,0,0,0,,,,,,
SIGNAL MOUNTAIN B,0,0,0,,,,,,
TYNER,,,,,,,,0,0
VALLEYBROOK,,,,0,0,,,,
WALDEN,0,0,0,,,,,,
WOODMORE,,,,,,,,0,0
Totals,0,0,0,0,0,0,0,0,0
,"County Commission, District 6 District 6",,,"County Commission, District 7 District 7",,,"County Commission, District 8 District 8",,
,VOTE FOR 1,,,VOTE FOR 1,,,VOTE FOR 1,,
,0 of 9 Precincts Reporting,,,0 of 7 Precincts Reporting,,,0 of 7 Precincts Reporting,,
,DEM David Sharpe,Justin Pinkerton,Write-in Totals,REP Lee Helton,DEM Laura J. Bertrand,Write-in Totals,REP Mike Chauncey,DEM Joshua Wichman,Write-in Totals
APISON A,,,,0,0,0,,,
BRAINERD HILLS,,,,,,,0,0,0
CONCORD A,,,,,,,0,0,0
CONCORD B,,,,,,,0,0,0
EAST BRAINERD A,,,,0,0,0,,,
EAST BRAINERD B,,,,0,0,0,,,
EAST RIDGE A,,,,,,,0,0,0
EAST RIDGE B,,,,,,,0,0,0
EAST RIDGE C,,,,,,,0,0,0
EAST RIDGE D,,,,,,,0,0,0
HURRICANE CREEK,,,,0,0,0,,,
LUPTON CITY,0,0,0,,,,,,
NORTH CHATTANOOGA A,0,0,0,,,,,,
NORTH CHATTANOOGA B,0,0,0,,,,,,
NORTHSHORE,0,0,0,,,,,,
OOLTEWAH RINGGOLD,,,,0,0,0,,,
RED BANK A,0,0,0,,,,,,
RED BANK B,0,0,0,,,,,,
RED BANK C,0,0,0,,,,,,
RIVERVIEW,0,0,0,,,,,,
STUART HEIGHTS,0,0,0,,,,,,
WESTVIEW A,,,,0,0,0,,,
WESTVIEW B,,,,0,0,0,,,
Totals,0,0,0,0,0,0,0,0,0
,"County Commission, District 9 District 9",,"County Commission, District 10 District 10",,"County Commission, District 11 District 11",,,County Trustee,
,VOTE FOR 1,,VOTE FOR 1,,VOTE FOR 1,,,VOTE FOR 1,
,0 of 6 Precincts Reporting,,0 of 8 Precincts Reporting,,0 of 7 Precincts Reporting,,,0 of 93 Precincts Reporting,
,REP Steve Highlander,Write-in Totals,REP Jeff Eversole,Write-in Totals,"REP Joseph ""Joe"" Graham",DEM Montrell Besley,Write-in Totals,REP Bill Hullander,Write-in Totals
AIRPORT A,,,,,,,,0,0
AIRPORT B,,,,,,,,0,0
ALTON PARK,,,,,0,0,0,0,0
APISON A,,,,,,,,0,0
APISON B,,,0,0,,,,0,0
AVONDALE,,,,,,,,0,0
BIRCHWOOD,0,0,,,,,,0,0
BONNY OAKS,,,,,,,,0,0
BRAINERD,,,,,,,,0,0
BRAINERD HILLS,,,,,,,,0,0
BUSHTOWN,,,,,,,,0,0
COLLEGEDALE A,,,0,0,,,,0,0
COLLEGEDALE B,,,0,0,,,,0,0
CONCORD A,,,,,,,,0,0
CONCORD B,,,,,,,,0,0
COURTHOUSE,,,,,,,,0,0
DALEWOOD,,,,,,,,0,0
DALLAS,,,,,,,,0,0
DOWNTOWN,,,,,,,,0,0
DUPONT,,,,,,,,0,0
EAST BRAINERD A,,,,,,,,0,0
EAST BRAINERD B,,,,,,,,0,0
EAST CHATTANOOGA,,,,,,,,0,0
EAST LAKE,,,,,0,0,0,0,0
EAST RIDGE A,,,,,,,,0,0
EAST RIDGE B,,,,,,,,0,0
EAST RIDGE C,,,,,,,,0,0
EAST RIDGE D,,,,,,,,0,0
,"County Commission, District 9 District 9",,"County Commission, District 10 District 10",,"County Commission, District 11 District 11",,,County Trustee,
,VOTE FOR 1,,VOTE FOR 1,,VOTE FOR 1,,,VOTE FOR 1,
,0 of 6 Precincts Reporting,,0 of 8 Precincts Reporting,,0 of 7 Precincts Reporting,,,0 of 93 Precincts Reporting,
,REP Steve Highlander,Write-in Totals,REP Jeff Eversole,Write-in Totals,"REP Joseph ""Joe"" Graham",DEM Montrell Besley,Write-in Totals,REP Bill Hullander,Write-in Totals
EASTGATE,,,,,,,,0,0
EASTSIDE,,,,,0,0,0,0,0
FAIRMOUNT,,,,,,,,0,0
FALLING WATER A,,,,,,,,0,0
FALLING WATER B,,,,,,,,0,0
FLAT TOP MOUNTAIN,,,,,,,,0,0
GANNS,,,,,,,,0,0
GLENWOOD,,,,,,,,0,0
HARRISON,0,0,,,,,,0,0
HARRISON BAY,0,0,,,,,,0,0
HIXSON,,,,,,,,0,0
HUNTER,0,0,,,,,,0,0
HURRICANE CREEK,,,,,,,,0,0
KINGSPOINT,,,,,,,,0,0
LAKE HILLS,,,,,,,,0,0
LAKESITE,,,,,,,,0,0
LOOKOUT MOUNTAIN,,,,,0,0,0,0,0
LOOKOUT VALLEY,,,,,0,0,0,0,0
LUPTON CITY,,,,,,,,0,0
MEADOWVIEW,0,0,,,,,,0,0
MIDDLE VALLEY,,,,,,,,0,0
MISSIONARY RIDGE,,,,,0,0,0,0,0
MOUNTAIN CREEK A,,,,,,,,0,0
MOUNTAIN CREEK B,,,,,,,,0,0
MOUNTAIN CREEK C,,,,,,,,0,0
MOWBRAY A,,,,,,,,0,0
MOWBRAY B,,,,,,,,0,0
MURRAY HILLS,,,,,,,,0,0
,"County Commission, District 9 District 9",,"County Commission, District 10 District 10",,"County Commission, District 11 District 11",,,County Trustee,
,VOTE FOR 1,,VOTE FOR 1,,VOTE FOR 1,,,VOTE FOR 1,
,0 of 6 Precincts Reporting,,0 of 8 Precincts Reporting,,0 of 7 Precincts Reporting,,,0 of 93 Precincts Reporting,
,REP Steve Highlander,Write-in Totals,REP Jeff Eversole,Write-in Totals,"REP Joseph ""Joe"" Graham",DEM Montrell Besley,Write-in Totals,REP Bill Hullander,Write-in Totals
NORTH CHATTANOOGA A,,,,,,,,0,0
NORTH CHATTANOOGA B,,,,,,,,0,0
NORTHGATE,,,,,,,,0,0
NORTHSHORE,,,,,,,,0,0
NORTHWOODS,,,,,,,,0,0
OOLTEWAH,,,0,0,,,,0,0
OOLTEWAH GEORGETOWN,,,0,0,,,,0,0
OOLTEWAH RINGGOLD,,,,,,,,0,0
PLEASANT GROVE A,,,,,,,,0,0
PLEASANT GROVE B,,,,,,,,0,0
POSSUM CREEK,,,,,,,,0,0
RED BANK A,,,,,,,,0,0
RED BANK B,,,,,,,,0,0
RED BANK C,,,,,,,,0,0
RIDGEDALE,,,,,,,,0,0
RIDGESIDE,,,,,,,,0,0
RIVERVIEW,,,,,,,,0,0
SALE CREEK,,,,,,,,0,0
SAVANNAH BAY,,,0,0,,,,0,0
SEQUOYAH,,,,,,,,0,0
SIGNAL MOUNTAIN A,,,,,,,,0,0
SIGNAL MOUNTAIN B,,,,,,,,0,0
SILVERDALE,,,0,0,,,,0,0
SODDY DAISY A,,,,,,,,0,0
SODDY DAISY B,,,,,,,,0,0
SODDY DAISY C,,,,,,,,0,0
ST ELMO,,,,,0,0,0,0,0
STUART HEIGHTS,,,,,,,,0,0
,"County Commission, District 9 District 9",,"County Commission, District 10 District 10",,"County Commission, District 11 District 11",,,County Trustee,
,VOTE FOR 1,,VOTE FOR 1,,VOTE FOR 1,,,VOTE FOR 1,
,0 of 6 Precincts Reporting,,0 of 8 Precincts Reporting,,0 of 7 Precincts Reporting,,,0 of 93 Precincts Reporting,
,REP Steve Highlander,Write-in Totals,REP Jeff Eversole,Write-in Totals,"REP Joseph ""Joe"" Graham",DEM Montrell Besley,Write-in Totals,REP Bill Hullander,Write-in Totals
SUMMIT,,,0,0,,,,0,0
TYNER,,,,,,,,0,0
VALLEYBROOK,,,,,,,,0,0
WALDEN,,,,,,,,0,0
WESTVIEW A,,,,,,,,0,0
WESTVIEW B,,,,,,,,0,0
WOLFTEVER,0,0,,,,,,0,0
WOODMORE,,,,,,,,0,0
Collegedale Property Rights,,,,,,,,0,0
Totals,0,0,0,0,0,0,0,0,0
,"General Sessions Court Judge, Div. 2",,Sheriff,,Circuit Court Clerk,,Criminal Court Clerk,,
,VOTE FOR 1,,VOTE FOR 1,,VOTE FOR 1,,VOTE FOR 1,,
,0 of 93 Precincts Reporting,,0 of 93 Precincts Reporting,,0 of 93 Precincts Reporting,,0 of 93 Precincts Reporting,,
,Tori Smith,Write-in Totals,REP Austin Garrett,Write-in Totals,REP Larry L. Henry,Write-in Totals,REP Vince Dean,DEM Aaliyah K. Hakeem,Write-in Totals
AIRPORT A,0,0,0,0,0,0,0,0,0
AIRPORT B,0,0,0,0,0,0,0,0,0
ALTON PARK,0,0,0,0,0,0,0,0,0
APISON A,0,0,0,0,0,0,0,0,0
APISON B,0,0,0,0,0,0,0,0,0
AVONDALE,0,0,0,0,0,0,0,0,0
BIRCHWOOD,0,0,0,0,0,0,0,0,0
BONNY OAKS,0,0,0,0,0,0,0,0,0
BRAINERD,0,0,0,0,0,0,0,0,0
BRAINERD HILLS,0,0,0,0,0,0,0,0,0
BUSHTOWN,0,0,0,0,0,0,0,0,0
COLLEGEDALE A,0,0,0,0,0,0,0,0,0
COLLEGEDALE B,0,0,0,0,0,0,0,0,0
CONCORD A,0,0,0,0,0,0,0,0,0
CONCORD B,0,0,0,0,0,0,0,0,0
COURTHOUSE,0,0,0,0,0,0,0,0,0
DALEWOOD,0,0,0,0,0,0,0,0,0
DALLAS,0,0,0,0,0,0,0,0,0
DOWNTOWN,0,0,0,0,0,0,0,0,0
DUPONT,0,0,0,0,0,0,0,0,0
EAST BRAINERD A,0,0,0,0,0,0,0,0,0
EAST BRAINERD B,0,0,0,0,0,0,0,0,0
EAST CHATTANOOGA,0,0,0,0,0,0,0,0,0
EAST LAKE,0,0,0,0,0,0,0,0,0
EAST RIDGE A,0,0,0,0,0,0,0,0,0
EAST RIDGE B,0,0,0,0,0,0,0,0,0
EAST RIDGE C,0,0,0,0,0,0,0,0,0
EAST RIDGE D,0,0,0,0,0,0,0,0,0
EASTGATE,0,0,0,0,0,0,0,0,0
,"General Sessions Court Judge, Div. 2",,Sheriff,,Circuit Court Clerk,,Criminal Court Clerk,,
,VOTE FOR 1,,VOTE FOR 1,,VOTE FOR 1,,VOTE FOR 1,,
,0 of 93 Precincts Reporting,,0 of 93 Precincts Reporting,,0 of 93 Precincts Reporting,,0 of 93 Precincts Reporting,,
,Tori Smith,Write-in Totals,REP Austin Garrett,Write-in Totals,REP Larry L. Henry,Write-in Totals,REP Vince Dean,DEM Aaliyah K. Hakeem,Write-in Totals
EASTSIDE,0,0,0,0,0,0,0,0,0
FAIRMOUNT,0,0,0,0,0,0,0,0,0
FALLING WATER A,0,0,0,0,0,0,0,0,0
FALLING WATER B,0,0,0,0,0,0,0,0,0
FLAT TOP MOUNTAIN,0,0,0,0,0,0,0,0,0
GANNS,0,0,0,0,0,0,0,0,0
GLENWOOD,0,0,0,0,0,0,0,0,0
HARRISON,0,0,0,0,0,0,0,0,0
HARRISON BAY,0,0,0,0,0,0,0,0,0
HIXSON,0,0,0,0,0,0,0,0,0
HUNTER,0,0,0,0,0,0,0,0,0
HURRICANE CREEK,0,0,0,0,0,0,0,0,0
KINGSPOINT,0,0,0,0,0,0,0,0,0
LAKE HILLS,0,0,0,0,0,0,0,0,0
LAKESITE,0,0,0,0,0,0,0,0,0
LOOKOUT MOUNTAIN,0,0,0,0,0,0,0,0,0
LOOKOUT VALLEY,0,0,0,0,0,0,0,0,0
LUPTON CITY,0,0,0,0,0,0,0,0,0
MEADOWVIEW,0,0,0,0,0,0,0,0,0
MIDDLE VALLEY,0,0,0,0,0,0,0,0,0
MISSIONARY RIDGE,0,0,0,0,0,0,0,0,0
MOUNTAIN CREEK A,0,0,0,0,0,0,0,0,0
MOUNTAIN CREEK B,0,0,0,0,0,0,0,0,0
MOUNTAIN CREEK C,0,0,0,0,0,0,0,0,0
MOWBRAY A,0,0,0,0,0,0,0,0,0
MOWBRAY B,0,0,0,0,0,0,0,0,0
MURRAY HILLS,0,0,0,0,0,0,0,0,0
NORTH CHATTANOOGA A,0,0,0,0,0,0,0,0,0
NORTH CHATTANOOGA B,0,0,0,0,0,0,0,0,0
,"General Sessions Court Judge, Div. 2",,Sheriff,,Circuit Court Clerk,,Criminal Court Clerk,,
,VOTE FOR 1,,VOTE FOR 1,,VOTE FOR 1,,VOTE FOR 1,,
,0 of 93 Precincts Reporting,,0 of 93 Precincts Reporting,,0 of 93 Precincts Reporting,,0 of 93 Precincts Reporting,,
,Tori Smith,Write-in Totals,REP Austin Garrett,Write-in Totals,REP Larry L. Henry,Write-in Totals,REP Vince Dean,DEM Aaliyah K. Hakeem,Write-in Totals
NORTHGATE,0,0,0,0,0,0,0,0,0
NORTHSHORE,0,0,0,0,0,0,0,0,0
NORTHWOODS,0,0,0,0,0,0,0,0,0
OOLTEWAH,0,0,0,0,0,0,0,0,0
OOLTEWAH GEORGETOWN,0,0,0,0,0,0,0,0,0
OOLTEWAH RINGGOLD,0,0,0,0,0,0,0,0,0
PLEASANT GROVE A,0,0,0,0,0,0,0,0,0
PLEASANT GROVE B,0,0,0,0,0,0,0,0,0
POSSUM CREEK,0,0,0,0,0,0,0,0,0
RED BANK A,0,0,0,0,0,0,0,0,0
RED BANK B,0,0,0,0,0,0,0,0,0
RED BANK C,0,0,0,0,0,0,0,0,0
RIDGEDALE,0,0,0,0,0,0,0,0,0
RIDGESIDE,0,0,0,0,0,0,0,0,0
RIVERVIEW,0,0,0,0,0,0,0,0,0
SALE CREEK,0,0,0,0,0,0,0,0,0
SAVANNAH BAY,0,0,0,0,0,0,0,0,0
SEQUOYAH,0,0,0,0,0,0,0,0,0
SIGNAL MOUNTAIN A,0,0,0,0,0,0,0,0,0
SIGNAL MOUNTAIN B,0,0,0,0,0,0,0,0,0
SILVERDALE,0,0,0,0,0,0,0,0,0
SODDY DAISY A,0,0,0,0,0,0,0,0,0
SODDY DAISY B,0,0,0,0,0,0,0,0,0
SODDY DAISY C,0,0,0,0,0,0,0,0,0
ST ELMO,0,0,0,0,0,0,0,0,0
STUART HEIGHTS,0,0,0,0,0,0,0,0,0
SUMMIT,0,0,0,0,0,0,0,0,0
TYNER,0,0,0,0,0,0,0,0,0
VALLEYBROOK,0,0,0,0,0,0,0,0,0
,"General Sessions Court Judge, Div. 2",,Sheriff,,Circuit Court Clerk,,Criminal Court Clerk,,
,VOTE FOR 1,,VOTE FOR 1,,VOTE FOR 1,,VOTE FOR 1,,
,0 of 93 Precincts Reporting,,0 of 93 Precincts Reporting,,0 of 93 Precincts Reporting,,0 of 93 Precincts Reporting,,
,Tori Smith,Write-in Totals,REP Austin Garrett,Write-in Totals,REP Larry L. Henry,Write-in Totals,REP Vince Dean,DEM Aaliyah K. Hakeem,Write-in Totals
WALDEN,0,0,0,0,0,0,0,0,0
WESTVIEW A,0,0,0,0,0,0,0,0,0
WESTVIEW B,0,0,0,0,0,0,0,0,0
WOLFTEVER,0,0,0,0,0,0,0,0,0
WOODMORE,0,0,0,0,0,0,0,0,0
Collegedale Property Rights,0,0,0,0,0,0,0,0,0
Totals,0,0,0,0,0,0,0,0,0
,Juvenile Court Clerk,,County Clerk,,,Register of Deeds,
,VOTE FOR 1,,VOTE FOR 1,,,VOTE FOR 1,
,0 of 93 Precincts Reporting,,0 of 93 Precincts Reporting,,,0 of 93 Precincts Reporting,
,REP Gary D. Behler,Write-in Totals,REP Brooke Weaver,George Ryan Love,Write-in Totals,REP Marc Gravitt,Write-in Totals
AIRPORT A,0,0,0,0,0,0,0
AIRPORT B,0,0,0,0,0,0,0
ALTON PARK,0,0,0,0,0,0,0
APISON A,0,0,0,0,0,0,0
APISON B,0,0,0,0,0,0,0
AVONDALE,0,0,0,0,0,0,0
BIRCHWOOD,0,0,0,0,0,0,0
BONNY OAKS,0,0,0,0,0,0,0
BRAINERD,0,0,0,0,0,0,0
BRAINERD HILLS,0,0,0,0,0,0,0
BUSHTOWN,0,0,0,0,0,0,0
COLLEGEDALE A,0,0,0,0,0,0,0
COLLEGEDALE B,0,0,0,0,0,0,0
CONCORD A,0,0,0,0,0,0,0
CONCORD B,0,0,0,0,0,0,0
COURTHOUSE,0,0,0,0,0,0,0
DALEWOOD,0,0,0,0,0,0,0
DALLAS,0,0,0,0,0,0,0
DOWNTOWN,0,0,0,0,0,0,0
DUPONT,0,0,0,0,0,0,0
EAST BRAINERD A,0,0,0,0,0,0,0
EAST BRAINERD B,0,0,0,0,0,0,0
EAST CHATTANOOGA,0,0,0,0,0,0,0
EAST LAKE,0,0,0,0,0,0,0
EAST RIDGE A,0,0,0,0,0,0,0
EAST RIDGE B,0,0,0,0,0,0,0
EAST RIDGE C,0,0,0,0,0,0,0
EAST RIDGE D,0,0,0,0,0,0,0
EASTGATE,0,0,0,0,0,0,0
EASTSIDE,0,0,0,0,0,0,0
,Juvenile Court Clerk,,County Clerk,,,Register of Deeds,
,VOTE FOR 1,,VOTE FOR 1,,,VOTE FOR 1,
,0 of 93 Precincts Reporting,,0 of 93 Precincts Reporting,,,0 of 93 Precincts Reporting,
,REP Gary D. Behler,Write-in Totals,REP Brooke Weaver,George Ryan Love,Write-in Totals,REP Marc Gravitt,Write-in Totals
FAIRMOUNT,0,0,0,0,0,0,0
FALLING WATER A,0,0,0,0,0,0,0
FALLING WATER B,0,0,0,0,0,0,0
FLAT TOP MOUNTAIN,0,0,0,0,0,0,0
GANNS,0,0,0,0,0,0,0
GLENWOOD,0,0,0,0,0,0,0
HARRISON,0,0,0,0,0,0,0
HARRISON BAY,0,0,0,0,0,0,0
HIXSON,0,0,0,0,0,0,0
HUNTER,0,0,0,0,0,0,0
HURRICANE CREEK,0,0,0,0,0,0,0
KINGSPOINT,0,0,0,0,0,0,0
LAKE HILLS,0,0,0,0,0,0,0
LAKESITE,0,0,0,0,0,0,0
LOOKOUT MOUNTAIN,0,0,0,0,0,0,0
LOOKOUT VALLEY,0,0,0,0,0,0,0
LUPTON CITY,0,0,0,0,0,0,0
MEADOWVIEW,0,0,0,0,0,0,0
MIDDLE VALLEY,0,0,0,0,0,0,0
MISSIONARY RIDGE,0,0,0,0,0,0,0
MOUNTAIN CREEK A,0,0,0,0,0,0,0
MOUNTAIN CREEK B,0,0,0,0,0,0,0
MOUNTAIN CREEK C,0,0,0,0,0,0,0
MOWBRAY A,0,0,0,0,0,0,0
MOWBRAY B,0,0,0,0,0,0,0
MURRAY HILLS,0,0,0,0,0,0,0
NORTH CHATTANOOGA A,0,0,0,0,0,0,0
NORTH CHATTANOOGA B,0,0,0,0,0,0,0
NORTHGATE,0,0,0,0,0,0,0
NORTHSHORE,0,0,0,0,0,0,0
,Juvenile Court Clerk,,County Clerk,,,Register of Deeds,
,VOTE FOR 1,,VOTE FOR 1,,,VOTE FOR 1,
,0 of 93 Precincts Reporting,,0 of 93 Precincts Reporting,,,0 of 93 Precincts Reporting,
,REP Gary D. Behler,Write-in Totals,REP Brooke Weaver,George Ryan Love,Write-in Totals,REP Marc Gravitt,Write-in Totals
NORTHWOODS,0,0,0,0,0,0,0
OOLTEWAH,0,0,0,0,0,0,0
OOLTEWAH GEORGETOWN,0,0,0,0,0,0,0
OOLTEWAH RINGGOLD,0,0,0,0,0,0,0
PLEASANT GROVE A,0,0,0,0,0,0,0
PLEASANT GROVE B,0,0,0,0,0,0,0
POSSUM CREEK,0,0,0,0,0,0,0
RED BANK A,0,0,0,0,0,0,0
RED BANK B,0,0,0,0,0,0,0
RED BANK C,0,0,0,0,0,0,0
RIDGEDALE,0,0,0,0,0,0,0
RIDGESIDE,0,0,0,0,0,0,0
RIVERVIEW,0,0,0,0,0,0,0
SALE CREEK,0,0,0,0,0,0,0
SAVANNAH BAY,0,0,0,0,0,0,0
SEQUOYAH,0,0,0,0,0,0,0
SIGNAL MOUNTAIN A,0,0,0,0,0,0,0
SIGNAL MOUNTAIN B,0,0,0,0,0,0,0
SILVERDALE,0,0,0,0,0,0,0
SODDY DAISY A,0,0,0,0,0,0,0
SODDY DAISY B,0,0,0,0,0,0,0
SODDY DAISY C,0,0,0,0,0,0,0
ST ELMO,0,0,0,0,0,0,0
STUART HEIGHTS,0,0,0,0,0,0,0
SUMMIT,0,0,0,0,0,0,0
TYNER,0,0,0,0,0,0,0
VALLEYBROOK,0,0,0,0,0,0,0
WALDEN,0,0,0,0,0,0,0
WESTVIEW A,0,0,0,0,0,0,0
WESTVIEW B,0,0,0,0,0,0,0
,Juvenile Court Clerk,,County Clerk,,,Register of Deeds,
,VOTE FOR 1,,VOTE FOR 1,,,VOTE FOR 1,
,0 of 93 Precincts Reporting,,0 of 93 Precincts Reporting,,,0 of 93 Precincts Reporting,
,REP Gary D. Behler,Write-in Totals,REP Brooke Weaver,George Ryan Love,Write-in Totals,REP Marc Gravitt,Write-in Totals
WOLFTEVER,0,0,0,0,0,0,0
WOODMORE,0,0,0,0,0,0,0
Collegedale Property Rights,0,0,0,0,0,0,0
Totals,0,0,0,0,0,0,0
,"County School Board, District 3 District 3",,,,"County School Board, District 5 District 5",,"County School Board, District 6 District 6",,
,VOTE FOR 1,,,,VOTE FOR 1,,VOTE FOR 1,,
,0 of 8 Precincts Reporting,,,,0 of 11 Precincts Reporting,,0 of 9 Precincts Reporting,,
,REP Ashley R Dillon,DEM Ruth Walker,Sandy Pricer,Write-in Totals,DEM Thessela White,Write-in Totals,REP Cindy Fain,DEM Ben Connor,Write-in Totals
AIRPORT A,,,,,0,0,,,
AIRPORT B,,,,,0,0,,,
BONNY OAKS,,,,,0,0,,,
BRAINERD,,,,,0,0,,,
DALEWOOD,,,,,0,0,,,
DUPONT,0,0,0,0,,,,,
EASTGATE,,,,,0,0,,,
GANNS,0,0,0,0,,,,,
GLENWOOD,,,,,0,0,,,
HIXSON,0,0,0,0,,,,,
LAKE HILLS,,,,,0,0,,,
LAKESITE,0,0,0,0,,,,,
LUPTON CITY,,,,,,,0,0,0
MIDDLE VALLEY,0,0,0,0,,,,,
NORTH CHATTANOOGA A,,,,,,,0,0,0
NORTH CHATTANOOGA B,,,,,,,0,0,0
NORTHGATE,0,0,0,0,,,,,
NORTHSHORE,,,,,,,0,0,0
PLEASANT GROVE A,0,0,0,0,,,,,
RED BANK A,,,,,,,0,0,0
RED BANK B,,,,,,,0,0,0
RED BANK C,,,,,,,0,0,0
RIDGESIDE,,,,,0,0,,,
RIVERVIEW,,,,,,,0,0,0
STUART HEIGHTS,,,,,,,0,0,0
TYNER,,,,,0,0,,,
VALLEYBROOK,0,0,0,0,,,,,
WOODMORE,,,,,0,0,,,
,"County School Board, District 3 District 3",,,,"County School Board, District 5 District 5",,"County School Board, District 6 District 6",,
,VOTE FOR 1,,,,VOTE FOR 1,,VOTE FOR 1,,
,0 of 8 Precincts Reporting,,,,0 of 11 Precincts Reporting,,0 of 9 Precincts Reporting,,
,REP Ashley R Dillon,DEM Ruth Walker,Sandy Pricer,Write-in Totals,DEM Thessela White,Write-in Totals,REP Cindy Fain,DEM Ben Connor,Write-in Totals
Totals,0,0,0,0,0,0,0,0,0
,"County School Board, District 8 District 8",,,"County School Board, District 9 District 9",,,Collegedale City Judge Collegedale,
,VOTE FOR 1,,,VOTE FOR 1,,,VOTE FOR 1,
,0 of 7 Precincts Reporting,,,0 of 6 Precincts Reporting,,,0 of 5 Precincts Reporting,
,REP Sabrina Daniel,DEM Katie Perkins,Write-in Totals,REP Gary Kuehn,DEM Jordan Hammond,Write-in Totals,"Curtis L. Bowe, III",Write-in Totals
APISON B,,,,,,,0,0
BIRCHWOOD,,,,0,0,0,,
BRAINERD HILLS,0,0,0,,,,,
COLLEGEDALE A,,,,,,,0,0
COLLEGEDALE B,,,,,,,0,0
CONCORD A,0,0,0,,,,,
CONCORD B,0,0,0,,,,,
EAST RIDGE A,0,0,0,,,,,
EAST RIDGE B,0,0,0,,,,,
EAST RIDGE C,0,0,0,,,,,
EAST RIDGE D,0,0,0,,,,,
HARRISON,,,,0,0,0,,
HARRISON BAY,,,,0,0,0,,
HUNTER,,,,0,0,0,,
MEADOWVIEW,,,,0,0,0,,
OOLTEWAH,,,,,,,0,0
WOLFTEVER,,,,0,0,0,,
Collegedale Property Rights,,,,,,,0,0
Totals,0,0,0,0,0,0,0,0
,Town of Lookout Mountain Commission Lookout Mountain,,,,,,
,VOTE FOR 5,,,,,,
,0 of 1 Precincts Reporting,,,,,,
,Jim Bentley,Karen Leavengood,Lindsey Parks,Jake Tallent,"John Charles Tugman, Jr.",William Valadez,Write-in Totals
LOOKOUT MOUNTAIN,0,0,0,0,0,0,0
Totals,0,0,0,0,0,0,0
,Town of Lookout Mountain School Board Lookout Mountain,,,,Red Bank City Judge Red Bank,,,
,VOTE FOR 3,,,,VOTE FOR 1,,,
,0 of 1 Precincts Reporting,,,,0 of 4 Precincts Reporting,,,
,Julie G Fisher,Karen Welborn,James T. Williams,Write-in Totals,Bryan Hoss,Meredith Mochel,Emily O'Donnell,Write-in Totals
LOOKOUT MOUNTAIN,0,0,0,0,,,,
RED BANK A,,,,,0,0,0,0
RED BANK B,,,,,0,0,0,0
RED BANK C,,,,,0,0,0,0
STUART HEIGHTS,,,,,0,0,0,0
Totals,0,0,0,0,0,0,0,0
,Judge Kyle Hixson,,Judge Mary Wagner,,"Judge William Phillips, II",,Judge Steve Maroney,
,VOTE FOR 1,,VOTE FOR 1,,VOTE FOR 1,,VOTE FOR 1,
,0 of 93 Precincts Reporting,,0 of 93 Precincts Reporting,,0 of 93 Precincts Reporting,,0 of 93 Precincts Reporting,
,Retain,Replace,Retain,Replace,Retain,Replace,Retain,Replace
AIRPORT A,0,0,0,0,0,0,0,0
AIRPORT B,0,0,0,0,0,0,0,0
ALTON PARK,0,0,0,0,0,0,0,0
APISON A,0,0,0,0,0,0,0,0
APISON B,0,0,0,0,0,0,0,0
AVONDALE,0,0,0,0,0,0,0,0
BIRCHWOOD,0,0,0,0,0,0,0,0
BONNY OAKS,0,0,0,0,0,0,0,0
BRAINERD,0,0,0,0,0,0,0,0
BRAINERD HILLS,0,0,0,0,0,0,0,0
BUSHTOWN,0,0,0,0,0,0,0,0
COLLEGEDALE A,0,0,0,0,0,0,0,0
COLLEGEDALE B,0,0,0,0,0,0,0,0
CONCORD A,0,0,0,0,0,0,0,0
CONCORD B,0,0,0,0,0,0,0,0
COURTHOUSE,0,0,0,0,0,0,0,0
DALEWOOD,0,0,0,0,0,0,0,0
DALLAS,0,0,0,0,0,0,0,0
DOWNTOWN,0,0,0,0,0,0,0,0
DUPONT,0,0,0,0,0,0,0,0
EAST BRAINERD A,0,0,0,0,0,0,0,0
EAST BRAINERD B,0,0,0,0,0,0,0,0
EAST CHATTANOOGA,0,0,0,0,0,0,0,0
EAST LAKE,0,0,0,0,0,0,0,0
EAST RIDGE A,0,0,0,0,0,0,0,0
EAST RIDGE B,0,0,0,0,0,0,0,0
EAST RIDGE C,0,0,0,0,0,0,0,0
EAST RIDGE D,0,0,0,0,0,0,0,0
EASTGATE,0,0,0,0,0,0,0,0
,Judge Kyle Hixson,,Judge Mary Wagner,,"Judge William Phillips, II",,Judge Steve Maroney,
,VOTE FOR 1,,VOTE FOR 1,,VOTE FOR 1,,VOTE FOR 1,
,0 of 93 Precincts Reporting,,0 of 93 Precincts Reporting,,0 of 93 Precincts Reporting,,0 of 93 Precincts Reporting,
,Retain,Replace,Retain,Replace,Retain,Replace,Retain,Replace
EASTSIDE,0,0,0,0,0,0,0,0
FAIRMOUNT,0,0,0,0,0,0,0,0
FALLING WATER A,0,0,0,0,0,0,0,0
FALLING WATER B,0,0,0,0,0,0,0,0
FLAT TOP MOUNTAIN,0,0,0,0,0,0,0,0
GANNS,0,0,0,0,0,0,0,0
GLENWOOD,0,0,0,0,0,0,0,0
HARRISON,0,0,0,0,0,0,0,0
HARRISON BAY,0,0,0,0,0,0,0,0
HIXSON,0,0,0,0,0,0,0,0
HUNTER,0,0,0,0,0,0,0,0
HURRICANE CREEK,0,0,0,0,0,0,0,0
KINGSPOINT,0,0,0,0,0,0,0,0
LAKE HILLS,0,0,0,0,0,0,0,0
LAKESITE,0,0,0,0,0,0,0,0
LOOKOUT MOUNTAIN,0,0,0,0,0,0,0,0
LOOKOUT VALLEY,0,0,0,0,0,0,0,0
LUPTON CITY,0,0,0,0,0,0,0,0
MEADOWVIEW,0,0,0,0,0,0,0,0
MIDDLE VALLEY,0,0,0,0,0,0,0,0
MISSIONARY RIDGE,0,0,0,0,0,0,0,0
MOUNTAIN CREEK A,0,0,0,0,0,0,0,0
MOUNTAIN CREEK B,0,0,0,0,0,0,0,0
MOUNTAIN CREEK C,0,0,0,0,0,0,0,0
MOWBRAY A,0,0,0,0,0,0,0,0
MOWBRAY B,0,0,0,0,0,0,0,0
MURRAY HILLS,0,0,0,0,0,0,0,0
NORTH CHATTANOOGA A,0,0,0,0,0,0,0,0
NORTH CHATTANOOGA B,0,0,0,0,0,0,0,0
,Judge Kyle Hixson,,Judge Mary Wagner,,"Judge William Phillips, II",,Judge Steve Maroney,
,VOTE FOR 1,,VOTE FOR 1,,VOTE FOR 1,,VOTE FOR 1,
,0 of 93 Precincts Reporting,,0 of 93 Precincts Reporting,,0 of 93 Precincts Reporting,,0 of 93 Precincts Reporting,
,Retain,Replace,Retain,Replace,Retain,Replace,Retain,Replace
NORTHGATE,0,0,0,0,0,0,0,0
NORTHSHORE,0,0,0,0,0,0,0,0
NORTHWOODS,0,0,0,0,0,0,0,0
OOLTEWAH,0,0,0,0,0,0,0,0
OOLTEWAH GEORGETOWN,0,0,0,0,0,0,0,0
OOLTEWAH RINGGOLD,0,0,0,0,0,0,0,0
PLEASANT GROVE A,0,0,0,0,0,0,0,0
PLEASANT GROVE B,0,0,0,0,0,0,0,0
POSSUM CREEK,0,0,0,0,0,0,0,0
RED BANK A,0,0,0,0,0,0,0,0
RED BANK B,0,0,0,0,0,0,0,0
RED BANK C,0,0,0,0,0,0,0,0
RIDGEDALE,0,0,0,0,0,0,0,0
RIDGESIDE,0,0,0,0,0,0,0,0
RIVERVIEW,0,0,0,0,0,0,0,0
SALE CREEK,0,0,0,0,0,0,0,0
SAVANNAH BAY,0,0,0,0,0,0,0,0
SEQUOYAH,0,0,0,0,0,0,0,0
SIGNAL MOUNTAIN A,0,0,0,0,0,0,0,0
SIGNAL MOUNTAIN B,0,0,0,0,0,0,0,0
SILVERDALE,0,0,0,0,0,0,0,0
SODDY DAISY A,0,0,0,0,0,0,0,0
SODDY DAISY B,0,0,0,0,0,0,0,0
SODDY DAISY C,0,0,0,0,0,0,0,0
ST ELMO,0,0,0,0,0,0,0,0
STUART HEIGHTS,0,0,0,0,0,0,0,0
SUMMIT,0,0,0,0,0,0,0,0
TYNER,0,0,0,0,0,0,0,0
VALLEYBROOK,0,0,0,0,0,0,0,0
,Judge Kyle Hixson,,Judge Mary Wagner,,"Judge William Phillips, II",,Judge Steve Maroney,
,VOTE FOR 1,,VOTE FOR 1,,VOTE FOR 1,,VOTE FOR 1,
,0 of 93 Precincts Reporting,,0 of 93 Precincts Reporting,,0 of 93 Precincts Reporting,,0 of 93 Precincts Reporting,
,Retain,Replace,Retain,Replace,Retain,Replace,Retain,Replace
WALDEN,0,0,0,0,0,0,0,0
WESTVIEW A,0,0,0,0,0,0,0,0
WESTVIEW B,0,0,0,0,0,0,0,0
WOLFTEVER,0,0,0,0,0,0,0,0
WOODMORE,0,0,0,0,0,0,0,0
Collegedale Property Rights,0,0,0,0,0,0,0,0
Totals,0,0,0,0,0,0,0,0
,Judge Valerie Smith,,Judge Stacy Street,,Judge Steven Sword,
,VOTE FOR 1,,VOTE FOR 1,,VOTE FOR 1,
,0 of 93 Precincts Reporting,,0 of 93 Precincts Reporting,,0 of 93 Precincts Reporting,
,Retain,Replace,Retain,Replace,Retain,Replace
AIRPORT A,0,0,0,0,0,0
AIRPORT B,0,0,0,0,0,0
ALTON PARK,0,0,0,0,0,0
APISON A,0,0,0,0,0,0
APISON B,0,0,0,0,0,0
AVONDALE,0,0,0,0,0,0
BIRCHWOOD,0,0,0,0,0,0
BONNY OAKS,0,0,0,0,0,0
BRAINERD,0,0,0,0,0,0
BRAINERD HILLS,0,0,0,0,0,0
BUSHTOWN,0,0,0,0,0,0
COLLEGEDALE A,0,0,0,0,0,0
COLLEGEDALE B,0,0,0,0,0,0
CONCORD A,0,0,0,0,0,0
CONCORD B,0,0,0,0,0,0
COURTHOUSE,0,0,0,0,0,0
DALEWOOD,0,0,0,0,0,0
DALLAS,0,0,0,0,0,0
DOWNTOWN,0,0,0,0,0,0
DUPONT,0,0,0,0,0,0
EAST BRAINERD A,0,0,0,0,0,0
EAST BRAINERD B,0,0,0,0,0,0
EAST CHATTANOOGA,0,0,0,0,0,0
EAST LAKE,0,0,0,0,0,0
EAST RIDGE A,0,0,0,0,0,0
EAST RIDGE B,0,0,0,0,0,0
EAST RIDGE C,0,0,0,0,0,0
EAST RIDGE D,0,0,0,0,0,0
EASTGATE,0,0,0,0,0,0
EASTSIDE,0,0,0,0,0,0
,Judge Valerie Smith,,Judge Stacy Street,,Judge Steven Sword,
,VOTE FOR 1,,VOTE FOR 1,,VOTE FOR 1,
,0 of 93 Precincts Reporting,,0 of 93 Precincts Reporting,,0 of 93 Precincts Reporting,
,Retain,Replace,Retain,Replace,Retain,Replace
FAIRMOUNT,0,0,0,0,0,0
FALLING WATER A,0,0,0,0,0,0
FALLING WATER B,0,0,0,0,0,0
FLAT TOP MOUNTAIN,0,0,0,0,0,0
GANNS,0,0,0,0,0,0
GLENWOOD,0,0,0,0,0,0
HARRISON,0,0,0,0,0,0
HARRISON BAY,0,0,0,0,0,0
HIXSON,0,0,0,0,0,0
HUNTER,0,0,0,0,0,0
HURRICANE CREEK,0,0,0,0,0,0
KINGSPOINT,0,0,0,0,0,0
LAKE HILLS,0,0,0,0,0,0
LAKESITE,0,0,0,0,0,0
LOOKOUT MOUNTAIN,0,0,0,0,0,0
LOOKOUT VALLEY,0,0,0,0,0,0
LUPTON CITY,0,0,0,0,0,0
MEADOWVIEW,0,0,0,0,0,0
MIDDLE VALLEY,0,0,0,0,0,0
MISSIONARY RIDGE,0,0,0,0,0,0
MOUNTAIN CREEK A,0,0,0,0,0,0
MOUNTAIN CREEK B,0,0,0,0,0,0
MOUNTAIN CREEK C,0,0,0,0,0,0
MOWBRAY A,0,0,0,0,0,0
MOWBRAY B,0,0,0,0,0,0
MURRAY HILLS,0,0,0,0,0,0
NORTH CHATTANOOGA A,0,0,0,0,0,0
NORTH CHATTANOOGA B,0,0,0,0,0,0
NORTHGATE,0,0,0,0,0,0
NORTHSHORE,0,0,0,0,0,0
,Judge Valerie Smith,,Judge Stacy Street,,Judge Steven Sword,
,VOTE FOR 1,,VOTE FOR 1,,VOTE FOR 1,
,0 of 93 Precincts Reporting,,0 of 93 Precincts Reporting,,0 of 93 Precincts Reporting,
,Retain,Replace,Retain,Replace,Retain,Replace
NORTHWOODS,0,0,0,0,0,0
OOLTEWAH,0,0,0,0,0,0
OOLTEWAH GEORGETOWN,0,0,0,0,0,0
OOLTEWAH RINGGOLD,0,0,0,0,0,0
PLEASANT GROVE A,0,0,0,0,0,0
PLEASANT GROVE B,0,0,0,0,0,0
POSSUM CREEK,0,0,0,0,0,0
RED BANK A,0,0,0,0,0,0
RED BANK B,0,0,0,0,0,0
RED BANK C,0,0,0,0,0,0
RIDGEDALE,0,0,0,0,0,0
RIDGESIDE,0,0,0,0,0,0
RIVERVIEW,0,0,0,0,0,0
SALE CREEK,0,0,0,0,0,0
SAVANNAH BAY,0,0,0,0,0,0
SEQUOYAH,0,0,0,0,0,0
SIGNAL MOUNTAIN A,0,0,0,0,0,0
SIGNAL MOUNTAIN B,0,0,0,0,0,0
SILVERDALE,0,0,0,0,0,0
SODDY DAISY A,0,0,0,0,0,0
SODDY DAISY B,0,0,0,0,0,0
SODDY DAISY C,0,0,0,0,0,0
ST ELMO,0,0,0,0,0,0
STUART HEIGHTS,0,0,0,0,0,0
SUMMIT,0,0,0,0,0,0
TYNER,0,0,0,0,0,0
VALLEYBROOK,0,0,0,0,0,0
WALDEN,0,0,0,0,0,0
WESTVIEW A,0,0,0,0,0,0
WESTVIEW B,0,0,0,0,0,0
,Judge Valerie Smith,,Judge Stacy Street,,Judge Steven Sword,
,VOTE FOR 1,,VOTE FOR 1,,VOTE FOR 1,
,0 of 93 Precincts Reporting,,0 of 93 Precincts Reporting,,0 of 93 Precincts Reporting,
,Retain,Replace,Retain,Replace,Retain,Replace
WOLFTEVER,0,0,0,0,0,0
WOODMORE,0,0,0,0,0,0
Collegedale Property Rights,0,0,0,0,0,0
Totals,0,0,0,0,0,0
